name;type_line;color;cost_total;atk;def;efficiency;stats;spell_card_cost;draw;move;discard;negate;sacrifice;destroy;deal_damage;must_attack;summon_from_grave;attach;mana_discount;scry;reveal_summon;reveal_draw;ramp;recycle;gain_life;sap;pump;mill;summon_token;trigger;change_attack;activated_cost;legendary_debuff;impulsive;discard_opp;condition_mult;grant_keyword_mult;draw_conditional;aggressive;draw_topdeck;deal_damage_target;stealth;discard_self;deal_damage_minion_or_player;deal_damage_all_enemies;deal_damage_all_minions;discard_self_hand;deal_damage_opponent;always_sapped;protector
Arkos, Plagueborn;Minion;black;10.0;6.0;6.0;-0.640892740682382;-10.023;0.0;0.0;0.0;0.0;0;0.0;0.0;0.0;0.0;0.0;0;2.4;0.0;0.0;0.0;0;0.0;0.0;0.0;0.0;0.0;0.0;0.4;0.0;0.0;0.8;1.22;;;;;;;;;;;;;;;;
Armoured Mole;Minion;black;1.0;0.0;1.0;0.37507059621199845;-0.35;0.0;0.0;0.8;0.0;0;0.0;0.0;0.0;0.0;0.0;0;0.0;0.0;0.0;0.0;0;0.0;0.0;0.0;0.0;0.0;0.0;0.3;0.0;0.0;;;;;;;;;;;;;;;;;;
Awaken the Meek;Quest;black;1.0;;;0.2518334746401732;0.0;0.0;0.0;0.0;0.0;0;0.0;0.0;0.0;0.0;0.0;0;0.0;0.33;0.0;0.3;0;0.0;0.0;0.0;0.0;0.0;0.0;0.0;0.0;0.0;0.8;;;;;;;;;;;;;;;;;
Back Ritual;Spell;black;2.0;;;0.0;0.0;-0.0;0.0;0.0;0.0;0;0.0;0.0;0.0;0.0;0.0;0;0.0;0.0;0.0;0.0;0;0.0;0.0;0.0;0.0;0.0;0.0;0.0;0.0;0.0;;;;;;;;;;;;;;;;;;
Bad Omen;Spell;black;2.0;;;0.2912121560576994;0.0;-0.0;0.0;0.0;0.0;0;0.0;0.0;0.0;0.0;0.0;0;0.0;0.538;0.555;0.0;0;0.0;0.0;0.0;0.0;0.0;0.0;0.0;0.0;0.0;0.8;;;;;;;;;;;;;;;;;
Black Door;Spell;black;2.0;;;0.0;0.0;-0.0;0.0;0.0;0.0;0;0.0;0.0;0.0;0.0;0.0;0;0.0;0.0;0.0;0.0;0;0.0;0.0;0.0;0.0;0.0;0.0;0.0;0.0;0.0;;;;;;;;;;;;;;;;;;
Bound by Darkness;Spell;black;1.0;;;1.4000000000000001;0.0;-0.0;0.0;0.0;;0;0.0;0.0;0.0;0.0;0.0;0;0.0;0.0;0.0;0.0;0;0.0;0.0;0.0;0.0;0.0;0.0;0.0;0.0;0.0;0.8;;3.5;;;;;;;;;;;;;;;
Brain Fog;Spell;black;1.0;;;1.079583686600433;0.0;-0.0;;0.0;0.0;0;0.0;0.0;0.0;0.0;0.0;0;0.0;0.0;0.0;0.0;0;0.0;0.0;0.0;0.0;0.0;0.0;0.0;0.0;0.0;;;;;;;;2.159;;;;;;;;;;
Cold Impact;Spell;black;3.0;;;0.375;0.0;-0.0;0.0;0.0;0.0;0;0.0;0.0;0.0;0.0;0.0;0;0.0;0.0;0.0;0.0;0;0.0;0.0;1.5;0.0;0.0;0.0;0.0;0.0;0.0;;;;;;;;;;;;;;;;;;
Cold-Hearted Overseer;Minion;black;6.0;0.0;4.0;-1.2763250263403934;-10.023;0.0;0.0;0.0;0.0;0;0.0;0.0;0.0;0.0;0.0;0;0.0;0.0;0.0;0.0;0;0.0;0.0;1.5;1.2;0.0;0.0;0.0;0.0;0.0;;1.22;;;;;;;;;;;;;;;;
Dark Dealings;Spell;black;5.0;;;0.17292130679473608;0.0;-0.0;0.0;0.0;0.0;0;0.0;0.0;0.0;0.0;0.0;0;0.0;0.538;0.5;0.0;0;0.0;0.0;0.0;0.0;0.0;0.0;0.0;0.0;0.0;;;;;;;;;;;;;;;;;;
Death Dealer;Minion;black;2.0;2.0;2.0;0.4676666666666666;0.0;0.0;;0.0;0.0;0;0.0;0.0;0.0;0.0;0.0;0;0.0;0.0;0.0;0.0;0;0.0;0.0;0.0;0.0;0.0;0.0;0.4;0.0;0.0;;1.22;;;;0.75;;;;;;;;;;;;
Doomed Soldier;Minion;black;2.0;2.0;2.0;0.2333333333333333;0.0;0.0;0.0;0.0;0.0;0;0.0;0.0;;0.0;0.0;0;0.0;0.0;0.0;0.0;0;0.0;0.0;0.0;0.0;0.0;0.0;0.0;0.0;0.0;;;;;;;;;0.7;;;;;;;;;
Ethereal Embrace;Spell;black;0.0;;;-0.2;0.0;-0.0;0.0;-0.2;0.0;0;0.0;0.0;0.0;0.0;0.0;0;0.0;0.0;0.0;0.0;0;0.0;0.0;0.0;0.0;0.0;0.0;0.0;0.0;0.0;;;;;;;;;;;;;;;;;;
Flash Freeze;Spell;black;1.0;;;0.25;0.0;-0.0;0.0;0.0;0.0;0;0.0;0.0;0.0;0.0;0.0;0;0.0;0.0;0.0;0.0;0;0.0;0.0;0.5;0.0;0.0;0.0;0.0;0.0;0.0;;;;;;;;;;;;;;;;;;
Gate to the Underworld;Spell;black;4.0;;;0.17472729363461964;0.0;-0.0;0.0;0.0;0.0;0;0.0;0.0;0.0;0.0;0.0;0;0.0;0.538;0.555;0.0;0;0.0;0.0;0.0;0.0;0.0;0.0;0.0;0.0;0.0;0.8;;;;;;;;;;;;;;;;;
Geodo, Walking Fortress;Minion;black;5.0;4.0;4.0;-0.07465425604686109;-0.822;0.0;0.0;0.0;0.0;0;0.0;0.0;0.0;0.0;0.0;0;0.0;0.0;0.0;0.0;0;0.0;0.0;0.0;0.0;0.0;0.0;0.2;0.0;0.0;0.8;;;0.9;;;;;;;;;;;;;;
Gloomy Infiltrator;Minion;black;3.0;2.0;3.0;0.2078359732404895;-0.35;0.0;0.0;0.0;0.0;0;0.0;0.0;0.0;0.0;0.0;0;1.6;0.0;0.0;0.0;0;0.0;0.0;0.0;0.0;0.0;0.0;0.0;0.0;0.0;;;;0.5;;;;;;1.33;;;;;;;;
Grivous, Plaguehorde Commander;Minion;black;4.0;2.0;4.0;-0.21153900806248144;-0.822;0.0;0.0;0.0;0.0;0;0.0;0.0;0.0;0.0;0.0;0;0.0;0.0;0.0;0.0;0;0.0;0.0;-0.5;0.0;0.0;0.0;0.0;0.0;0.0;0.8;;;;;;;;;;;;;;;;;
Horde;Token;black;0.0;2.0;2.0;0.0;0.0;0.0;0.0;0.0;0.0;0;0.0;0.0;0.0;0.0;0.0;0;0.0;0.0;0.0;0.0;0;0.0;0.0;0.0;0.0;0.0;0.0;0.0;0.0;0.0;;;;;;;;;;;;;;;;;;
Imprisoned Imp;Minion;black;2.0;0.0;1.0;-0.030857379279581047;-1.46;0.0;2.85;0.0;0.0;0;-1.46;0.0;0.0;0.0;0.0;0;0.0;0.0;0.0;0.0;0;0.0;0.0;0.0;0.0;0.0;0.0;0.0;0.0;0.0;;;;;;;;;;1.33;;;;;;;;
Invasive Architect;Minion;black;2.0;2.0;2.0;0.911258352230525;0.0;0.0;0.0;0.0;0.0;0;0.0;0.0;0.0;0.0;3.0;0;0.0;0.538;0.0;0.0;0;0.0;0.0;-0.5;0.0;0.0;0.0;0.0;0.0;0.0;;;;0.9;;;;;;;;;;;;;;
Invasive Brute;Minion;black;2.0;2.0;2.0;0.16125835223052495;0.0;0.0;0.0;0.0;0.0;0;0.0;0.0;0.0;0.0;0.0;0;0.0;0.538;0.5;0.0;0;0.0;0.0;-0.5;0.0;0.0;0.0;0.0;0.0;0.0;;;;0.9;;;;;;;;;;;;;;
Invasive Diplomat;Minion;black;2.0;2.0;2.0;0.31125835223052495;0.0;0.0;0.0;0.0;0.0;0;0.0;0.0;0.0;0.0;0.0;0;0.0;0.538;0.5;0.0;0;0.0;0.0;0.0;0.0;0.0;0.0;0.0;0.0;0.0;;;;0.9;;;;;;;;;;;;;;
Invasive Mothership;Minion;black;1.0;0.0;2.0;0.0;0.0;0.0;0.0;0.0;0.0;0;-0.0;0.0;0.0;0.0;0.0;0;0.0;0.0;0.0;0.0;0;0.0;0.0;0.0;0.0;0.0;0.0;0.0;0.0;0.0;;;;;;;;;;;;;;;;;;
Invasive Technomancer;Minion;black;2.0;2.0;2.0;0.3712583522305249;0.0;0.0;0.0;1.2;0.0;0;0.0;0.0;0.0;0.0;0.0;0;0.0;0.538;0.0;0.0;0;0.0;0.0;-0.5;0.0;0.0;0.0;0.0;0.0;0.0;;;;0.9;;;;;;;;;;;;;;
Invasive Vanguard;Minion;black;2.0;2.0;2.0;0.881258352230525;0.0;0.0;0.0;0.0;0.0;0;0.0;0.0;0.0;0.0;0.0;0;0.0;0.538;0.5;0.0;0;0.0;0.0;-0.5;2.4;0.0;0.0;0.0;0.0;0.0;;;;0.9;;;;;;;;;;;;;;
Laios, Rotting King;Minion;black;3.0;1.0;3.0;-0.3044237600781018;-0.822;0.0;0.0;-0.2;0.0;0;0.0;0.0;0.0;0.0;0.0;0;0.0;0.0;0.0;0.0;0;0.0;0.0;-0.5;0.0;0.0;0.0;0.0;0.0;0.0;0.8;;;;;;;;;;;;;;;;;
Magic Mirrors on the Wall;Spell;black;7.0;;;-0.07320000000000002;0.0;-0.0;0.0;-0.6;0.0;0;0.0;0.0;0.0;0.0;0.0;0;0.0;0.0;0.0;0.0;0;0.0;0.0;0.0;0.0;0.0;0.0;0.0;0.0;0.0;0.8;;;;1.22;;;;;;;;;;;;;
March of the Plaguehorde;Spell;black;1.0;;;0.0;0.0;-0.0;0.0;0.0;0.0;0;0.0;0.0;0.0;0.0;0.0;0;0.0;0.0;0.0;0.0;0;0.0;0.0;0.0;0.0;0.0;0.0;0.0;0.0;0.0;;;;;;;;;;;;;;;;;;
Miautz, Criminal Mastermind;Minion;black;3.0;0.0;4.0;0.16557623992189824;-0.822;0.0;;0.0;0.0;0;0.0;0.0;0.0;0.0;0.0;0;0.0;0.0;0.5;0.0;0;0.0;0.0;0.0;0.0;0.0;0.0;0.4;0.0;0.0;0.8;;;;;0.75;;;;;;;;;;;;
Mitril, the Forgotten;Minion;black;3.0;2.0;1.0;0.048079377768610126;-1.46;0.0;1.5;0.0;0.0;0;0.0;0.0;0.0;0.0;0.0;0;0.0;0.0;0.0;0.0;0;0.0;0.0;0.0;0.0;0.0;0.0;0.2;0.0;0.0;0.8;;;;;;;;;;;;;;;;;
Mysterious Shade;Minion;black;2.0;3.0;2.0;0.049952935858667724;0.35;0.0;0.0;-0.2;0.0;0;0.0;0.0;0.0;0.0;0.0;0;0.0;0.0;0.0;0.0;0;0.0;0.0;0.0;0.0;0.0;0.0;0.0;0.0;0.0;;;;;;;;;;;;;;;;;;
Otherworldly Slash;Spell;black;7.0;;;0.525;0.0;-0.0;0.0;0.0;0.0;0;0.0;1.8;0.0;0.0;0.0;0;2.4;0.0;0.0;0.0;0;0.0;0.0;0.0;0.0;0.0;0.0;0.0;0.0;0.0;;;;;;;;;;;;;;;;;;
Patient Maiden;Minion;black;6.0;3.0;4.0;-0.4973841529054378;-3.482;0.0;0.0;0.0;0.0;0;0.0;0.0;0.0;0.0;0.0;0;0.0;0.0;0.0;0.0;0;0.0;0.0;0.0;0.0;0.0;0.0;0.0;0.0;0.0;;;;;;;;;;;;;;;;;;
Rau, the Eternal;Minion;black;7.0;6.0;6.0;0.1577881199609491;-0.822;0.0;0.0;2.4;0.0;0;0.0;0.0;0.0;0.0;0.0;0;0.0;0.0;0.0;0.0;0;0.0;0.0;0.0;0.0;0.0;0.0;0.0;0.0;0.0;0.8;;;;;;;;;;;;;;;;;
Relentless Hunter;Minion;black;3.0;4.0;3.0;0.045706936310680964;0.35;0.0;0.0;-0.2;0.0;0;0.0;0.0;0.0;0.0;0.0;0;0.0;0.0;0.0;0.0;0;0.0;0.0;0.0;0.0;0.0;0.0;0.0;0.0;0.0;;1.22;;;;;;;;;;;;;;;;
Restricted;Minion;black;6.0;0.0;6.0;-0.7213782092018493;-5.05;0.0;0.0;0.0;0.0;0;0.0;0.0;0.0;0.0;0.0;0;0.0;0.0;0.0;0.0;0;0.0;0.0;0.0;0.0;0.0;0.0;0.0;0.0;0.0;;;;;;;;;;;;;;;;;;
Rising Mist;Spell;black;3.0;;;0.2375;0.0;-0.0;;0.0;0.0;0;0.0;0.0;0.0;0.0;0.0;0;0.0;0.0;0.0;0.0;0;0.2;0.0;0.0;0.0;0.0;0.0;0.0;0.0;0.0;;;;;;0.75;;;;;;;;;;;;
Rot Away;Spell;black;7.0;;;0.475;0.0;-0.0;0.0;0.0;0.0;0;0.0;1.8;0.0;0.0;0.0;0;2.0;0.0;0.0;0.0;0;0.0;0.0;0.0;0.0;0.0;0.0;0.0;0.0;0.0;;;;;;;;;;;;;;;;;;
Shining Drifter;Minion;black;1.0;0.0;2.0;0.25;0.0;0.0;1.5;0.0;0.0;0;0.0;0.0;0.0;0.0;0.0;0;0.0;0.0;0.0;0.0;0;0.0;0.0;-0.5;0.0;0.0;0.0;0.0;0.0;0.0;;;;0.5;;;;;;;;;;;;;;
Stack the Deck;Spell;black;1.0;;;0.6000000000000001;0.0;-0.0;1.5;0.0;0.0;0;0.0;0.0;0.0;0.0;0.0;0;0.0;0.0;0.0;0.0;0;0.0;0.0;0.0;0.0;0.0;0.0;0.0;0.0;0.0;0.8;;;;;;;;;;;;;;;;;
Temptation of the Night;Spell;black;2.0;;;0.4749999999999999;0.0;-0.0;2.85;0.0;0.0;0;0.0;0.0;0.0;0.0;0.0;0;0.0;0.0;0.0;0.0;0;0.0;0.0;0.0;0.0;0.0;0.0;0.0;0.0;0.0;;;;0.5;;;;;;;;;;;;;;
Thing in the Ice;Minion;black;2.0;1.0;1.0;-0.04070626679683629;-0.822;0.0;0.0;0.0;0.0;0;0.0;0.0;0.0;0.0;0.0;0;0.0;0.0;0.0;0.0;0;0.0;0.0;0.5;0.0;0.0;0.0;0.2;0.0;0.0;;;;;;;;;;;;;;;;;;
Trivikrama, Gran Conqueror;Minion;black;2.0;2.0;2.0;0.6840089090458933;0.0;0.0;0.0;0.0;0.0;0;0.0;1.6;0.0;0.0;0.0;0;0.0;0.538;0.5;0.0;0;0.0;0.0;-0.5;0.0;0.0;0.0;0.0;0.0;0.0;0.8;;;;;;1.2;;;;;;;;;;;
Valdris, Undying Giant;Minion;black;10.0;8.0;8.0;0.07806962576446637;-2.32;0.0;0.0;0.0;0.0;0;0.0;0.0;0.0;0.0;0.0;0;3.2;0.0;0.0;0.0;0;0.0;0.0;0.0;0.0;0.0;0.0;0.0;0.0;0.0;0.8;1.22;;;;;;;;;;;;;;;;
Vanish;Spell;black;2.0;;;0.0;0.0;-0.0;0.0;0.0;0.0;0;0.0;0.0;0.0;0.0;0.0;0;0.0;0.0;0.0;0.0;0;0.0;0.0;0.0;0.0;0.0;0.0;0.0;0.0;0.0;;;;;;;;;;;;;;;;;;
Vindictive Spirit;Minion;black;1.0;0.0;2.0;0.17328679513998632;0.0;0.0;;0.0;0.0;0;0.0;0.0;0.0;0.0;0.0;0;0.0;0.0;0.0;0.0;0;0.0;0.0;0.0;0.0;0.0;0.0;0.0;0.0;0.0;;;;;;;;0.347;;;;;;;;;;
Wrathful Vassal;Minion;black;4.0;4.0;4.0;0.09759999999999999;0.0;0.0;0.0;0.0;0.0;0;0.0;0.0;0.0;0.0;0.0;0;0.0;0.0;0.0;0.0;0;0.0;0.0;0.0;0.0;0.0;0.0;0.4;0.0;0.0;;1.22;;;;;;;;;;;;;;;;
Ziggurat;Territory;black;0.0;;;0.0;0.0;0.0;0.0;0.0;0.0;0;0.0;0.0;0.0;0.0;0.0;0;0.0;0.0;0.0;0.0;0;0.0;0.0;0.0;0.0;0.0;0.0;0.0;0.0;0.0;;;;;;;;;;;;;;;;;;
Abominable Barrier;Spell;blue;1.0;;;0.0;0.0;-0.0;0.0;0.0;0.0;0;0.0;0.0;0.0;0.0;0.0;0;0.0;0.0;0.0;0.0;0;0.0;0.0;0.0;0.0;0.0;0.0;0.0;0.0;0.0;;;;;;;;;;;;;;;;;;
Ancient Cloud;Spell;blue;1.0;;;0.5;0.0;-0.0;0.0;0.0;0.0;0;0.0;1.0;0.0;0.0;0.0;0;0.0;0.0;0.0;0.0;0;0.0;0.0;0.0;0.0;0.0;0.0;0.0;0.0;0.0;;;;;;;;;;;;;;;;;;
Back Alley Assassin;Minion;blue;2.0;2.0;2.0;0.06666666666666667;0.0;0.0;0.0;0.0;0.0;0;0.0;0.0;0.0;0.0;0.0;0;0.0;0.0;0.0;0.0;0;0.0;0.0;0.0;0.0;0.0;0.0;0.2;0.0;0.0;;;;;;;;;;;;;;;;;;
Burn the Heretics;Spell;blue;3.0;;;0.6042367587674604;0.0;-0.0;0.0;0.0;0.0;0;0.0;0.0;;0.0;0.0;0;0.0;0.0;0.0;0.0;0;0.0;0.0;0.0;0.0;0.0;0.0;0.0;0.0;0.0;;;;;;;;;;;;;;2.417;;;;
Burning Knowledge;Spell;blue;4.0;;;0.20999999999999996;0.0;-0.0;0.0;0.0;0.0;0;0.0;0.0;;0.0;0.0;0;0.0;0.0;0.0;0.0;0;0.0;0.0;0.0;0.0;0.0;0.0;0.0;0.0;0.0;;;;0.5;;;;;2.1;;;;;;;;;
Crimson Hunter;Minion;blue;3.0;1.0;2.0;-0.3399007777892374;-1.46;0.0;0.0;0.0;;0;0.0;0.0;0.0;-0.3;0.0;0;0.0;0.0;0.0;0.0;0;0.0;0.0;0.0;1.2;0.0;0.0;0.7;0.0;0.0;;;;;;;;;;;-1.5;;;;;;;
Cruel Ritual;Spell;blue;4.0;;;0.3069722457733622;0.0;-0.0;2.85;0.0;0.0;0;0.0;0.0;0.0;0.0;0.0;0;0.0;0.0;0.0;0.0;0;0.22;0.0;0.0;0.0;0.0;0.0;0.0;0.0;0.0;;;;0.5;;;;;;;;;;;;;;
Deadly Poison;Spell;blue;3.0;;;0.5499999999999999;0.0;-0.0;0.0;0.0;0.0;0;0.0;0.0;;0.0;0.0;0;0.0;0.0;0.0;0.0;0;0.0;0.0;-0.5;0.0;0.0;0.0;0.0;0.0;0.0;;;;;;;;;;;;2.7;;;;;;
Disgraced Disciple;Minion;blue;1.0;1.0;2.0;0.24424412184399613;0.35;0.0;0.0;0.0;0.0;0;0.0;0.0;0.0;0.0;0.0;0;0.0;0.0;0.0;0.0;0;0.139;0.0;0.0;0.0;0.0;0.0;0.0;0.0;0.0;;;;;;;;;;;;;;;;;;
Disgraceful Spark;Spell;blue;1.0;;;1.309861228866811;0.0;-0.0;1.5;0.0;0.0;0;0.0;0.0;;0.0;0.0;0;0.0;0.0;0.0;0.0;0;0.22;0.0;0.0;0.0;0.0;0.0;0.0;0.0;0.0;;;;;;;;;;;;0.9;;;;;;
Dracul's Follower;Minion;blue;3.0;3.0;2.0;-0.3124647018940009;-0.35;0.0;2.85;0.0;;0;0.0;-1.0;0.0;-0.3;0.0;0;0.0;0.0;0.0;0.0;0;0.0;0.0;0.0;0.0;0.0;0.0;0.55;0.0;0.0;;;;;;;;;;;;;;;-3.0;;;
Edwin, Legendary Thief;Minion;blue;4.0;3.0;4.0;0.3192300457478266;-0.35;0.0;1.5;0.0;0.0;0;0.0;0.0;0.0;0.0;0.0;0;0.0;0.0;0.0;0.0;0;0.0;0.0;0.0;0.0;0.0;0.0;0.35;0.0;0.0;0.8;;;;;;;;;1.33;;;;;;;;
Enchanted Grove;Spell;blue;4.0;;;0.6699999999999999;0.0;-0.0;2.85;0.0;0.0;0;0.0;0.0;0.0;0.0;0.0;0;1.0;0.0;0.0;0.0;0;0.0;0.0;-0.5;0.0;0.0;0.0;0.0;0.0;0.0;;;;;;;;;;;;;;;;;;
Endless Research;Spell;blue;1.0;;;-0.11249999999999938;0.0;-0.0;2.85;0.0;;0;0.0;0.0;0.0;0.0;0.0;0;0.0;0.0;0.0;0.0;0;0.0;0.0;0.0;0.0;0.0;0.0;0.0;0.0;0.0;;;;;;;;;;;-3.075;;;;;;;
Experiment #1;Minion;blue;1.0;1.0;1.0;-0.75;0.0;0.0;0.0;0.0;;0;0.0;0.0;0.0;0.0;0.0;0;0.0;0.0;0.0;0.0;0;0.0;0.0;0.0;0.0;0.0;0.0;0.0;0.0;0.0;;;;;;;;;;;-1.5;;;;;;;
Experiment #2;Minion;blue;2.0;1.0;2.0;-0.6166196025253344;-0.35;0.0;0.0;0.0;;0;0.0;0.0;0.0;0.0;0.0;0;0.0;0.0;0.0;0.0;0;0.0;0.0;0.0;0.0;0.0;0.0;0.0;0.0;0.0;;;;;;;;;;;-1.5;;;;;;;
Experiment #3;Minion;blue;3.0;1.0;3.0;-0.5805297000976273;-0.822;0.0;0.0;0.0;;0;0.0;0.0;0.0;0.0;0.0;0;0.0;0.0;0.0;0.0;0;0.0;0.0;0.0;0.0;0.0;0.0;0.0;0.0;0.0;;;;;;;;;;;-1.5;;;;;;;
Experiment #4;Minion;blue;4.0;1.0;4.0;0.09807937776861005;-1.46;0.0;2.85;0.0;;0;0.0;0.0;0.0;0.0;0.0;0;0.0;0.0;0.0;0.0;0;0.0;0.0;0.0;0.6;0.0;0.0;0.0;0.0;0.0;;;;;;;;;;;-1.5;;;;;;;
Faithless Saint;Minion;blue;4.0;3.0;3.0;0.20278811996094906;-0.822;0.0;2.85;0.0;0.0;0;0.0;0.0;0.0;0.0;0.0;0;0.0;0.0;0.0;0.0;0;0.0;0.0;0.0;0.0;0.0;0.0;0.0;0.0;0.0;;;;0.5;;;;;;;;;;;;;;
Faust, Crazed Creator;Minion;blue;5.0;1.0;1.0;-0.8427811656769921;-10.023;0.0;0.0;0.0;0.0;0;0.0;0.0;0.0;0.0;3.0;0;0.0;0.0;0.0;0.0;0;0.0;0.0;0.0;0.0;0.0;0.0;0.0;0.0;0.0;0.8;;;0.9;;;;;;;;;;;;;;
Forced Conversion;Spell;blue;4.0;;;0.32;0.0;-0.0;0.0;0.0;0.0;0;0.0;1.6;0.0;0.0;0.0;0;0.0;0.0;0.0;0.0;0;0.0;0.0;0.0;0.0;0.0;0.0;0.0;0.0;0.0;;;;;;;;;;;;;;;;;;
Francus, Pope of Demise;Minion;blue;2.0;1.0;1.0;-0.1658983467708024;-0.822;0.0;0.0;0.0;0.0;0;0.0;0.0;0.0;0.0;0.0;0;0.0;0.0;0.0;0.0;0;0.2;0.0;0.0;0.0;0.0;0.0;0.0;0.0;0.0;0.8;;;;;;;;;;;;;;;;;
Fried, Lightning Blade;Minion;blue;6.0;6.0;6.0;0.42525714285714283;0.0;0.0;2.85;0.0;0.0;0;0.0;0.0;0.0;0.0;0.0;0;0.0;0.0;0.0;0.0;0;0.0;0.0;0.0;0.0;0.0;0.0;0.2;0.0;0.0;0.8;1.22;;;;;;;;;;;;;;;;
Friendly Fire;Quest;blue;1.0;;;0.0;0.0;0.0;1.5;0.0;;0;0.0;0.0;0.0;0.0;0.0;0;0.0;0.0;0.0;0.0;0;0.0;0.0;0.0;0.0;0.0;0.0;0.0;0.0;0.0;0.8;;;;;;;;;;-1.5;;;;;;;
Grinning Merchant;Minion;blue;1.0;1.0;1.0;0.0;0.0;0.0;1.5;0.0;;0;0.0;0.0;0.0;0.0;0.0;0;0.0;0.0;0.0;0.0;0;0.0;0.0;0.0;0.0;0.0;0.0;0.0;0.0;0.0;;;;;;;;;;;-1.5;;;;;;;
Highwayman;Minion;blue;3.0;5.0;5.0;2.1923013102637112e-05;2.32;0.0;0.0;0.0;0.0;0;-2.32;0.0;0.0;0.0;0.0;0;0.0;0.0;0.0;0.0;0;0.0;0.0;0.0;0.0;0.0;0.0;0.0;0.0;0.0;;;;0.75;;;;;;;;;;;;;;
Lightning Bolt in a Bottle;Spell;blue;1.0;;;0.8399999999999999;0.0;-0.0;0.0;0.0;0.0;0;0.0;0.0;;0.0;0.0;0;0.0;0.0;0.0;0.0;0;0.0;0.0;0.0;0.0;0.0;0.0;0.0;0.0;0.0;0.8;;;;;;;;2.1;;;;;;;;;
Lucard, Lord of Bats;Minion;blue;5.0;3.0;3.0;-0.28268225636487293;-2.32;0.0;0.0;0.0;0.0;0;0.0;0.0;0.0;0.0;0.0;0;0.0;0.0;0.0;0.0;0;0.0;0.0;0.0;0.0;0.0;0.0;0.2;0.0;0.0;0.8;;;;;;;;;;;;;;;;;
Magical Convergence;Spell;blue;7.0;;;1.0215888308335968;0.0;-0.0;0.0;0.0;0.0;0;0.0;0.0;;0.0;0.0;0;0.0;0.0;0.0;0.0;0;0.416;0.0;0.0;0.0;0.0;0.0;0.0;0.0;0.0;0.8;;;;;;;;9.8;;;;;;;;;
Mana Spirit;Minion;blue;6.0;4.0;6.0;-0.08887411434150128;-0.822;0.0;0.0;0.0;0.0;0;0.0;0.0;0.0;0.0;0.0;0;0.0;0.0;0.0;0.0;0;0.0;0.0;0.0;0.0;0.0;0.0;0.2;0.0;0.0;;;;;;;;;;;;;;;;;;
Mass Hysteria;Spell;blue;7.0;;;0.4;0.0;-0.0;0.0;0.0;0.0;0;0.0;4.0;0.0;0.0;0.0;0;0.0;0.0;0.0;0.0;0;0.0;0.0;0.0;0.0;0.0;0.0;0.0;0.0;0.0;0.8;;;;;;;;;;;;;;;;;
Mysterious Potion;Spell;blue;1.0;;;0.5693147180559945;0.0;-0.0;1.5;0.0;0.0;0;0.0;0.0;0.0;0.0;0.0;0;0.0;0.0;0.0;0.0;0;0.139;0.0;-0.5;0.0;0.0;0.0;0.0;0.0;0.0;;;;;;;;;;;;;;;;;;
Nikola, Disgraced Genius;Minion;blue;4.0;3.0;3.0;0.1724609919375186;-0.822;0.0;1.5;0.0;0.0;0;0.0;0.0;0.0;0.0;0.0;0;0.0;0.0;0.0;0.0;0;0.0;0.0;0.0;0.0;0.0;0.0;0.4;0.0;0.0;0.8;;;;;;;;;;;;;;;;;
Pray for Demise;Spell;blue;3.0;;;0.425;0.0;-0.0;1.5;0.0;0.0;0;0.0;0.0;0.0;0.0;0.0;0;0.0;0.0;0.0;0.0;0;0.2;0.0;0.0;0.0;0.0;0.0;0.0;0.0;0.0;;;;;;;;;;;;;;;;;;
Red Sage;Minion;blue;3.0;1.0;3.0;-0.6505990856642218;-0.822;0.0;0.0;0.0;;0;0.0;0.0;0.0;0.0;0.0;0;0.0;0.0;0.0;0.0;0;0.22;0.0;-0.5;0.0;0.0;0.0;0.0;0.0;0.0;;;;;;;;;;;-1.5;;;;;;;
Request Tribute;Spell;blue;3.0;;;0.05;0.0;-0.0;0.0;0.0;0.0;0;0.0;0.0;0.0;0.0;0.0;0;0.0;0.0;0.0;0.0;0;0.2;0.0;0.0;0.0;0.0;0.0;0.0;0.0;0.0;;;;;;;;;;;;;;;;;;
Ronald, Dark Clown;Minion;blue;1.0;1.0;1.0;-0.12000000000000005;0.0;0.0;0.0;0.0;;0;0.0;0.0;;0.0;0.0;0;0.0;0.0;0.0;0.0;0;0.0;0.0;0.0;0.0;0.0;0.0;0.3;0.0;0.0;0.8;;;;;;;;;;-1.5;0.9;;;;;;
Rune of Power;Spell;blue;2.0;;;-0.5;0.0;-0.0;0.0;0.0;;0;0.0;0.0;0.0;0.0;0.0;0;0.0;0.0;0.0;0.0;0;0.0;0.0;0.0;0.0;0.0;0.0;0.0;0.0;0.0;;;;;;;;;;;-1.5;;;;;;;
Sadu, False Prophet;Minion;blue;3.0;3.0;1.0;-0.024423760078101778;-0.822;0.0;0.0;0.5;0.0;0;0.0;0.0;0.0;0.0;0.0;0;0.0;0.0;0.0;0.0;0;0.2;0.0;0.0;0.0;0.0;0.0;0.0;0.0;0.0;0.8;;;;;;;;;;;;;;;;;
Siren Song;Spell;blue;3.0;;;0.3;0.0;-0.0;0.0;1.2;0.0;0;0.0;0.0;0.0;0.0;0.0;0;0.5;0.0;0.0;0.0;0;0.0;0.0;-0.5;0.0;0.0;0.0;0.0;0.0;0.0;;;;;;;;;;;;;;;;;;
Stoic Runehart;Minion;blue;4.0;3.0;3.0;-0.04124609841090834;-0.822;0.0;0.0;0.0;0.0;0;0.0;0.0;0.0;0.0;0.0;0;0.0;0.416;0.0;0.0;0;0.0;0.0;0.0;0.0;0.0;0.0;0.2;0.0;0.0;;;;;;;;;;;;;;;;;;
Submit to Will;Spell;blue;5.0;;;0.06666666666666667;0.0;-0.0;0.0;0.0;0.0;0;0.0;0.0;0.0;0.0;0.0;0;0.5;0.0;0.0;0.0;0;0.0;0.0;0.0;0.0;0.0;0.0;0.0;0.0;0.0;0.8;;;;;;;;;;;;;;;;;
Temple;Territory;blue;0.0;;;0.0;0.0;0.0;0.0;0.0;0.0;0;0.0;0.0;0.0;0.0;0.0;0;0.0;0.0;0.0;0.0;0;0.0;0.0;0.0;0.0;0.0;0.0;0.0;0.0;0.0;;;;;;;;;;;;;;;;;;
Tiwaz, Runic Titan;Minion;blue;10.0;8.0;8.0;0.06399149652825113;-2.32;0.0;0.0;0.0;0.0;0;0.0;0.0;0.0;0.0;0.0;0;3.2;0.0;0.0;0.0;0;0.0;0.0;0.0;0.0;0.0;0.0;0.0;0.0;0.0;0.8;;;;;;;;;;;;;;;;;
Trespass;Spell;blue;2.0;;;0.4499999999999999;0.0;-0.0;2.85;0.0;;0;0.0;0.0;0.0;0.0;0.0;0;0.0;0.0;0.0;0.0;0;0.0;0.0;0.0;0.0;0.0;0.0;0.0;0.0;0.0;;;;;;;;;;;-1.5;;;;;;;
Troublesome Companion;Minion;blue;2.0;2.0;3.0;0.24377073802536142;0.35;0.0;1.5;0.0;;0;0.0;0.0;0.0;0.0;0.0;0;0.0;0.0;0.0;0.0;0;0.0;0.0;0.0;0.0;0.0;0.0;0.2;0.0;0.0;;;;;;;;;;1.33;-1.5;;;;;;;
Unnatural Disaster;Spell;blue;1.0;;;0.7208730677823432;0.0;-0.0;0.0;0.0;0.0;0;0.0;0.0;;0.0;0.0;0;0.0;0.0;0.0;0.0;0;0.0;0.0;0.0;0.0;0.0;0.0;0.0;0.0;0.0;0.8;;;;;;;;;;;;1.802;;;;;
Vampirism;Spell;blue;1.0;;;0.75;0.0;-0.0;1.5;0.0;0.0;0;0.0;0.0;0.0;0.0;0.0;0;0.0;0.0;0.0;0.0;0;0.0;0.0;0.0;0.0;0.0;0.0;0.0;0.0;0.0;;;;;;;;;;;;;;;;;;
Young Heir;Minion;blue;1.0;1.0;1.0;0.7;0.0;0.0;0.0;1.2;0.0;0;0.0;0.0;0.0;0.0;0.0;0;0.0;0.0;0.0;0.0;0;0.0;0.0;0.0;0.0;0.0;0.0;0.2;0.0;0.0;;;;;;;;;;;;;;;;;;
Big Shield Defender;Minion;colorless;1.0;0.0;3.0;0.2099152845456019;0.35;0.0;0.0;0.0;0.0;0;0.0;0.0;0.0;0.0;0.0;0;0.0;0.0;0.0;0.0;0;0.0;0.0;0.0;0.0;0.0;0.0;0.0;0.0;0.0;;;;;;;;;;;;;;;;;;1.2
Big Time Bounty Hunter;Minion;colorless;3.0;2.0;2.0;0.1944702999023728;-0.822;0.0;0.0;0.0;0.0;0;0.0;1.6;0.0;0.0;0.0;0;0.0;0.0;0.0;0.0;0;0.0;0.0;0.0;0.0;0.0;0.0;0.0;0.0;0.0;;;;;;;;;;;;;;;;;;
Black Rider;Minion;colorless;4.0;3.0;4.0;0.2500282384847994;-0.35;0.0;0.0;0.0;0.0;0;0.0;1.6;0.0;0.0;0.0;0;0.0;0.0;0.0;0.0;0;0.0;0.0;0.0;0.0;0.0;0.0;0.0;0.0;0.0;;;;;;;;;;;;;;;;;;
Bloody Masochist;Minion;colorless;3.0;0.0;3.0;0.06009922221076265;-1.46;0.0;1.5;0.0;0.0;0;0.0;0.0;0.0;0.0;0.0;0;0.0;0.0;0.0;0.0;0;0.0;0.0;0.0;0.0;0.0;0.0;0.2;0.0;0.0;;;;;;;;;;;;;;;;;;
Bomb Carrier Imp;Minion;colorless;6.0;6.0;1.0;-0.5968609834865254;-3.482;0.0;0.0;0.0;0.0;0;0.0;0.0;0.0;0.0;0.0;0;0.0;0.0;0.0;0.0;0;0.0;0.0;0.0;0.0;0.0;0.0;0.0;0.0;0.0;;;;;;;1.2;;;;;;;;;;;
Caring Attendant;Minion;colorless;2.0;2.0;3.0;0.41433532937864953;0.35;0.0;0.0;0.0;0.0;0;0.0;0.0;0.0;0.0;0.0;0;0.0;0.0;0.0;0.0;0;0.0;0.693;0.0;0.0;0.0;0.0;0.2;0.0;0.0;;;;;;;;;;;;;;;;;;
City Vulture;Minion;colorless;1.0;1.0;1.0;0.0;0.0;0.0;0.0;0.0;0.0;0;0.0;0.0;0.0;0.0;0.0;0;0.0;0.0;0.0;0.0;0;0.0;0.0;0.0;0.0;0.0;0.0;0.0;0.0;0.0;;;;;;;1.2;;;;;;;;;;;
Copy;Token;colorless;0.0;;;0.0;0.0;0.0;0.0;0.0;0.0;0;0.0;0.0;0.0;0.0;0.0;0;0.0;0.0;0.0;0.0;0;0.0;0.0;0.0;0.0;0.0;0.0;0.0;0.0;0.0;;;;;;;;;;;;;;;;;;
Demonic Prophet;Minion;colorless;2.0;0.0;4.0;1.0666666666666667;0.0;0.0;0.0;0.0;0.0;0;0.0;4.0;0.0;0.0;0.0;0;0.0;0.0;0.0;0.0;0;0.0;0.0;0.0;0.0;0.0;0.0;0.0;0.0;0.0;;;;;;;;;;;;;;;;;0.8;
Eel Dragon;Minion;colorless;4.0;4.0;1.0;-0.29192062223138987;-1.46;0.0;0.0;0.0;0.0;0;0.0;0.0;0.0;0.0;0.0;0;0.0;0.0;0.0;0.0;0;0.0;0.0;0.0;0.0;0.0;0.0;0.0;0.0;0.0;;;;;;;;;;;;;;;;;;
Fiendish Bookworm;Minion;colorless;2.0;1.0;1.0;0.22596039986983038;-0.822;0.0;1.5;0.0;0.0;0;0.0;0.0;0.0;0.0;0.0;0;0.0;0.0;0.0;0.0;0;0.0;0.0;0.0;0.0;0.0;0.0;0.0;0.0;0.0;;;;;;;;;;;;;;;;;;
Flame Elemental;Minion;colorless;5.0;3.0;3.0;-0.0366861537894246;-2.32;0.0;0.0;0.0;0.0;0;0.0;0.0;;0.0;0.0;0;0.0;0.0;0.0;0.0;0;0.0;0.0;0.0;0.0;0.0;0.0;0.0;0.0;0.0;;;;;;;;;2.1;;;;;;;;;
Fugitive Burglar;Minion;colorless;1.0;1.0;3.0;2.2932712802343054;0.822;0.0;0.0;0.0;0.0;0;0.0;0.0;0.0;0.0;0.0;0;0.0;0.0;0.0;0.0;0;0.0;0.0;0.0;0.0;0.0;3.0;0.0;0.0;0.0;;;;;;;;;;;;;;;;;;1.2
Graveborn Prowler;Minion;colorless;1.0;1.0;2.0;0.9999294037880015;0.35;0.0;1.5;0.0;0.0;0;-0.35;0.0;0.0;0.0;0.0;0;0.0;0.0;0.0;0.0;0;0.0;0.0;0.0;0.0;0.0;0.0;0.5;0.0;0.0;;;;;;;;;;;;;;;;;;
Masked Spy;Minion;colorless;4.0;0.0;4.0;-0.004828061456771419;-2.32;0.0;0.0;0.0;0.0;0;0.0;0.0;;0.0;0.0;0;0.0;0.0;0.0;0.0;0;0.0;0.0;0.0;0.0;0.0;0.0;0.2;0.0;0.0;;;;;;;;;2.1;;;;;;;;;1.2
Mouse Herder;Minion;colorless;2.0;0.0;4.0;0.018483924814931874;0.0;0.0;0.0;0.0;0.0;0;0.0;0.0;0.0;0.0;0.0;0;0.0;0.0;0.0;0.0;0;0.0;0.0;0.0;0.0;0.069;0.0;0.0;0.0;0.0;;;;;;;;;;;;;;;;;0.8;
Mouse Seer;Minion;colorless;2.0;0.0;1.0;0.46346562961435006;-1.46;0.0;2.85;0.0;0.0;0;0.0;0.0;0.0;0.0;0.0;0;0.0;0.0;0.0;0.0;0;0.0;0.0;0.0;0.0;0.0;0.0;0.0;0.0;0.0;;;;;;;;;;;;;;;;;;
Murderous Spouse;Minion;colorless;3.0;3.0;3.0;0.25;0.0;0.0;0.0;0.0;0.0;0;0.0;0.0;;0.0;0.0;0;0.0;0.0;0.0;0.0;0;0.0;0.0;0.0;0.0;0.0;0.0;0.4;0.0;0.0;;;;;;;;;;;;;;;;0.6;;
Nightwing;Minion;colorless;10.0;10.0;10.0;0.32727272727272727;0.0;0.0;0.0;0.0;0.0;0;0.0;4.0;0.0;0.0;0.0;0;0.0;0.0;0.0;0.0;0;0.0;0.0;0.0;0.0;0.0;0.0;0.0;0.0;0.0;;;;0.9;;;;;;;;;;;;;;
Nordic Shield Master;Minion;colorless;4.0;3.0;5.0;0.0;0.0;0.0;0.0;0.0;0.0;0;0.0;0.0;0.0;0.0;0.0;0;0.0;0.0;0.0;0.0;0;0.0;0.0;0.0;0.0;0.0;0.0;0.0;0.0;0.0;;;;;;;;;;;;;;;;;;1.2
Poisonous Gnome;Minion;colorless;1.0;2.0;1.0;0.47492940378800164;0.35;0.0;0.0;0.0;0.0;0;0.0;0.0;;0.0;0.0;0;0.0;0.0;0.0;0.0;0;0.0;0.0;0.0;0.0;0.0;0.0;0.2;0.0;0.0;;;;;;;;;;;;;;;;0.4;;
Realm Walker;Minion;colorless;3.0;3.0;4.0;0.2124647018940008;0.35;0.0;0.0;0.5;0.0;0;0.0;0.0;0.0;0.0;0.0;0;0.0;0.0;0.0;0.0;0;0.0;0.0;0.0;0.0;0.0;0.0;0.0;0.0;0.0;;;;;;;;;;;;;;;;;;
Rogue Necromancer;Minion;colorless;5.0;2.0;5.0;0.07339948147384177;-1.46;0.0;0.0;0.0;0.0;0;0.0;0.0;0.0;0.0;0.0;0;0.0;0.0;0.0;0.0;0;0.0;0.0;0.0;0.0;0.0;1.5;0.4;0.0;0.0;;;;;;;;;;;;;;;;;;
Strike Squad;Minion;colorless;3.0;2.0;3.0;0.3375352981059992;-0.35;0.0;0.0;0.0;0.0;0;0.0;0.0;0.0;0.0;0.0;0;0.0;0.0;0.0;0.0;0;0.0;0.0;0.0;0.0;0.0;1.5;0.2;0.0;0.0;;;;;;;;;;;;;;;;;;
Sunborn Gorgon;Minion;colorless;3.0;2.0;2.0;-0.20552970009762722;-0.822;0.0;0.0;0.0;0.0;0;0.0;0.0;0.0;0.0;0.0;0;0.0;0.0;0.0;0.0;0;0.0;0.0;0.0;0.0;0.0;0.0;0.0;0.0;0.0;;;;;;;;;;;;;;;;;;
Surprising Lama;Minion;colorless;2.0;0.0;1.0;0.08844022869164342;-1.46;0.0;0.0;0.0;0.0;0;0.0;0.0;;0.0;0.0;0;0.0;0.0;0.0;0.0;0;0.0;0.0;0.0;0.0;0.0;0.0;0.2;0.0;0.0;;;;;;;;;;;;;;1.525;;;;
Taunting Legionnaire;Minion;colorless;4.0;2.0;3.0;-0.06230474667766787;-1.46;0.0;0.0;0.0;0.0;0;0.0;0.0;0.0;0.0;0.0;0;0.0;0.0;0.0;0.0;0;0.0;0.0;0.0;1.2;0.0;0.0;0.0;0.0;0.0;;;;;;;;;;;;;;;;;;1.2
Teller of Tales;Minion;colorless;3.0;2.0;2.0;0.21947029990237277;-0.822;0.0;0.0;0.0;0.0;0;0.0;0.0;0.0;0.0;0.0;0;0.0;0.0;0.0;0.0;0;0.0;0.0;0.0;1.2;0.0;0.0;0.5;0.0;0.0;;;;;;;;;;;;;;;;;;
Time-worn Dragon;Minion;colorless;7.0;5.0;5.0;0.00947035148468503;-2.32;0.0;1.5;0.0;0.0;0;0.0;0.0;0.0;0.0;0.0;0;0.0;0.0;0.0;0.0;0;0.0;0.896;0.0;0.0;0.0;0.0;0.0;0.0;0.0;;;;;;;;;;;;;;;;;;
Trash Scavenger;Minion;colorless;2.0;2.0;2.0;0.5666666666666667;0.0;0.0;1.5;0.0;0.0;0;0.0;0.0;0.0;0.0;0.0;0;0.0;0.0;0.0;0.0;0;0.0;0.0;0.0;0.0;0.0;0.0;0.2;0.0;0.0;;;;;;;;;;;;;;;;;;
Wise Herbologist;Minion;colorless;5.0;2.0;2.0;-0.679448731647548;-5.05;0.0;0.0;0.0;0.0;0;0.0;0.0;0.0;0.0;0.0;0;0.0;0.0;0.0;0.0;0;0.0;0.973;0.0;0.0;0.0;0.0;0.0;0.0;0.0;;;;;;;;;;;;;;;;;;
Accelerate Evolution;Quest;green;4.0;;;0.16;0.0;0.0;0.0;0.0;0.0;0;0.0;-1.0;0.0;0.0;3.0;0;0.0;0.0;0.0;0.0;0;0.0;0.0;0.0;0.0;0.0;0.0;0.0;0.0;0.0;0.8;;;0.5;;;;;;;;;;;;;;
Aimless One;Minion;green;1.0;3.0;3.0;0.6600584613682736;2.32;0.0;1.5;0.0;0.0;0;-2.5;0.0;0.0;0.0;0.0;0;0.0;0.0;0.0;0.0;0;0.0;0.0;0.0;0.0;0.0;0.0;0.0;0.0;0.0;;;;;;;;;;;;;;;;;;
Ancient Lich Lord;Minion;green;8.0;0.0;8.0;-0.8909490116125868;-10.023;0.0;0.0;0.0;0.0;0;0.0;0.0;0.0;0.0;0.0;0;0.0;0.0;0.0;0.0;0;0.0;0.0;0.0;0.0;0.0;0.0;0.0;0.0;0.0;;;;;;;;;;;;;;;;;0.8;
Apis, Insector Matriarch;Minion;green;2.0;2.0;2.0;0.0;0.0;0.0;0.0;0.0;0.0;0;0.0;0.0;0.0;0.0;0.0;0;0.0;0.0;0.0;0.0;0;0.0;0.0;0.0;0.0;0.0;0.0;0.0;0.0;0.0;0.8;;;;;;;;;;;;;;;;;
Awaken the Elders;Spell;green;1.0;;;-1.0;0.0;-0.0;0.0;0.0;0.0;0;-2.5;0.0;0.0;0.0;0.0;0;0.0;0.0;0.0;0.0;0;0.0;0.0;0.0;0.0;0.0;0.0;0.0;0.0;0.0;0.8;;;;;;;;;;;;;;;;;
Benevolent Oak;Minion;green;3.0;0.0;4.0;-0.15552970009762723;-0.822;0.0;0.0;0.0;0.0;0;0.0;0.0;0.0;0.0;0.0;0;0.0;0.0;0.0;0.0;0;0.2;0.0;0.0;0.0;0.0;0.0;0.0;0.0;0.0;;;;;;;;;;;;;;;;;;
Birke, Protector of Life;Minion;green;3.0;3.0;3.0;0.5716703787691223;0.0;0.0;0.0;0.0;0.0;0;-0.0;0.0;0.0;0.0;2.5;0;0.0;0.0;0.0;0.0;0;0.358;0.0;0.0;0.0;0.0;0.0;0.0;0.0;0.0;0.8;;;;;;;;;;;;;;;;;
Birthed from Soil;Spell;green;6.0;;;-0.5578571428571428;0.0;-0.0;0.0;0.0;0.0;0;-7.881;0.0;0.0;0.0;3.0;0;0.0;0.0;0.0;0.0;0;0.0;0.0;0.0;0.0;0.0;0.0;0.0;0.0;0.0;0.8;;;;;;;;;;;;;;;;;
Braum, the Defiant;Minion;green;3.0;4.0;3.0;0.7199745853636806;0.35;0.0;1.5;0.0;0.0;0;-0.35;0.0;0.0;0.0;2.5;0;0.0;0.0;0.0;0.0;0;0.0;0.0;0.0;0.0;0.0;0.0;0.0;0.0;0.0;0.8;;;0.9;;;;;;;;;;;;;;
Cocci, Curious Ladybug;Minion;green;3.0;0.0;1.0;-0.6263378140676129;-3.482;0.0;1.5;0.0;;0;0.0;0.0;0.0;0.0;0.0;0;0.0;0.0;0.0;0.0;0;0.0;0.0;0.0;0.0;0.0;0.0;0.35;0.0;0.0;0.8;;;;;;;;;;-1.5;;;;;;;
Commune with the Wilds;Spell;green;2.0;;;0.16666666666666666;0.0;-0.0;0.0;0.0;0.0;0;0.0;0.0;0.0;0.0;0.0;0;0.0;0.0;0.5;0.0;0;0.0;0.0;0.0;0.0;0.0;0.0;0.0;0.0;0.0;;;;;;;;;;;;;;;;;;
Cruel Salvation;Spell;green;2.0;;;-0.3333333333333333;0.0;-0.0;0.0;0.0;0.0;0;0.0;-1.0;0.0;0.0;0.0;0;0.0;0.0;0.0;0.0;0;0.0;0.0;0.0;0.0;0.0;0.0;0.0;0.0;0.0;;;;;;;;;;;;;;;;;;
Disflora, Apex Hunter;Minion;green;6.0;2.0;2.0;-0.6827280270065768;-10.023;0.0;1.5;0.0;0.0;0;0.0;0.0;;0.0;0.0;0;1.6;0.0;0.0;0.0;0;0.0;0.549;0.0;0.0;0.0;0.0;0.0;0.0;0.0;0.8;;;;;;;;;;;;;;;0.4;;
Distant Howl;Spell;green;5.0;;;0.6493132891023379;0.0;-0.0;0.0;0.0;0.0;0;0.0;0.0;0.0;0.0;3.0;0;0.0;0.0;0.0;0.0;0;0.0;0.896;0.0;0.0;0.0;0.0;0.0;0.0;0.0;;;;;;;;;;;;;;;;;;
Dryad of the Grove;Minion;green;1.0;1.0;2.0;-0.07507059621199841;0.35;0.0;0.0;0.0;0.0;0;0.0;0.0;0.0;0.0;0.0;0;0.0;0.0;0.0;0.0;0;0.0;0.0;-0.5;0.0;0.0;0.0;0.0;0.0;0.0;;;;;;;;;;;;;;;;;;
Feral Shaman;Minion;green;2.0;2.0;2.0;0.8333333333333334;0.0;0.0;0.0;0.0;0.0;0;0.0;0.0;0.0;0.0;2.5;0;0.0;0.0;0.0;0.0;0;0.0;0.0;0.0;0.0;0.0;0.0;0.0;0.0;0.0;;;;;;;;;;;;;;;;;;
Follow the Footprints;Spell;green;1.0;;;-0.5420558458320164;0.0;-0.0;0.0;0.0;;0;0.0;0.0;0.0;0.0;0.0;0;0.0;0.416;0.0;0.0;0;0.0;0.0;0.0;0.0;0.0;0.0;0.0;0.0;0.0;;;;;;;;;;;-1.5;;;;;;;
Forced Metamorphosis;Spell;green;2.0;;;0.6666666666666666;0.0;-0.0;0.0;0.0;0.0;0;0.0;-1.0;0.0;0.0;3.0;0;0.0;0.0;0.0;0.0;0;0.0;0.0;0.0;0.0;0.0;0.0;0.0;0.0;0.0;;;;;;;;;;;;;;;;;;
Ghoul;Token;green;0.0;5.0;5.0;0.0;0.0;0.0;0.0;0.0;0.0;0;0.0;0.0;0.0;0.0;0.0;0;0.0;0.0;0.0;0.0;0;0.0;0.0;0.0;0.0;0.0;0.0;0.0;0.0;0.0;;;;;;;;;;;;;;;;;;
Giant Cocoon;Spell;green;2.0;;;0.665;0.0;-0.0;1.5;0.0;0.0;0;0.0;0.0;0.0;0.0;0.0;0;0.0;0.0;0.0;0.0;0;0.0;0.0;0.0;0.0;0.0;0.0;0.0;0.0;0.0;;;;;;;;;;1.33;;;;;;;;
Guardian of the Valley;Minion;green;3.0;2.0;1.0;-0.06490077778923736;-1.46;0.0;0.0;1.2;0.0;0;0.0;0.0;0.0;0.0;0.0;0;0.0;0.0;0.0;0.0;0;0.0;0.0;0.0;0.0;0.0;0.0;0.0;0.0;0.0;;;;;;;;;;;;;;;;;;
Haunting Woods;Minion;green;1.0;1.0;1.0;0.18;0.0;0.0;0.0;0.0;0.0;0;-0.0;0.0;0.0;0.0;0.0;0;0.0;0.0;0.0;0.0;0;0.0;0.0;0.0;0.0;0.0;0.0;0.3;0.0;0.0;;;;;;;1.2;;;;;;;;;;;
Insectile Transformation;Spell;green;1.0;;;1.0;0.0;-0.0;0.0;0.0;0.0;0;0.0;-1.0;0.0;0.0;3.0;0;0.0;0.0;0.0;0.0;0;0.0;0.0;0.0;0.0;0.0;0.0;0.0;0.0;0.0;;;;;;;;;;;;;;;;;;
Insector Lazar;Minion;green;6.0;4.0;4.0;-0.0646394331429658;-2.32;0.0;0.0;0.0;0.0;0;0.0;0.0;0.0;0.0;1.868;0;0.0;0.0;0.0;0.0;0;0.0;0.0;0.0;0.0;0.0;0.0;0.0;0.0;0.0;;;;;;;;;;;;;;;;;;
Insector Raptor;Minion;green;5.0;4.0;3.0;-0.12660051852615825;-1.46;0.0;0.0;0.0;0.0;0;0.0;0.0;;0.0;0.0;0;0.0;0.0;0.0;0.0;0;0.0;0.0;0.0;0.0;0.0;0.0;0.0;0.0;0.0;;;;;;;;;0.7;;;;;;;;;
Insector Scrabble;Minion;green;4.0;4.0;2.0;-0.16403744742684473;-0.822;0.0;0.0;0.0;0.0;0;0.0;0.0;0.0;0.0;0.0;0;0.0;0.0;0.0;0.0;0;0.0;0.0;0.0;0.0;0.139;0.0;0.0;0.0;0.0;;;;;;;;;;;;;;;;;;1.2
Insector Workerbee;Minion;green;2.0;1.0;1.0;-0.15737293346350298;-0.822;0.0;0.0;0.0;0.0;0;0.0;0.0;0.0;0.0;0.0;0;0.0;0.0;0.0;0.0;0;0.0;0.0;0.0;0.0;0.0;0.0;0.35;0.0;0.0;;;;;;;;;;;;;;;;;;
Keeper of the Grove;Minion;green;4.0;2.0;4.0;-0.16442376007810178;-0.822;0.0;0.0;0.0;0.0;0;0.0;0.0;0.0;0.0;0.0;0;0.0;0.0;0.0;0.0;0;0.0;0.0;0.0;0.0;0.0;0.0;0.0;0.0;0.0;;;;;;;;;;;;;;;;;;
Living Hive;Minion;green;7.0;4.0;4.0;-0.2062059330516181;-5.05;0.0;0.0;0.0;0.0;0;0.0;0.0;0.0;0.0;3.0;0;0.0;0.0;0.0;0.0;0;0.2;0.0;0.0;0.0;0.0;0.0;0.2;0.0;0.0;;;;;;;;;;;;;;;;;;
Mahogan, Wooden Giant;Minion;green;10.0;8.0;8.0;0.06399149652825113;-2.32;0.0;0.0;0.0;0.0;0;0.0;0.0;0.0;0.0;0.0;0;3.2;0.0;0.0;0.0;0;0.0;0.0;0.0;0.0;0.0;0.0;0.0;0.0;0.0;0.8;;;;;;;;;;;;;;;;;
Migration of the Forsaken;Spell;green;1.0;;;-0.4906180398078958;0.0;-0.0;0.0;0.0;0.0;0;-2.5;0.0;0.0;0.0;0.0;0;0.0;0.0;0.0;0.0;0;0.358;0.0;0.0;0.0;0.179;0.0;0.0;0.0;0.0;;;;0.5;;;;;;;;;;;;;;
Outrage;Spell;green;4.0;;;0.28834922711293726;0.0;-0.0;0.0;0.0;0.0;0;0.0;0.0;;0.0;0.0;0;0.0;0.0;0.0;0.0;0;0.0;0.0;0.0;0.0;0.0;0.0;0.0;0.0;0.0;0.8;;;;;;;;;;;;1.802;;;;;
Overgrown Croaker;Minion;green;1.0;0.0;1.0;0.5500705962119984;-0.35;0.0;0.0;0.0;0.0;0;0.0;0.0;0.0;0.0;0.0;0;0.0;0.0;0.0;0.0;0;0.0;0.0;0.0;1.2;0.0;0.0;0.25;0.0;0.0;;;;;;;;;;;;;;;;;;
Population Devastation Virus;Spell;green;2.0;;;0.40664634592850124;0.0;-0.0;0.0;0.0;0.0;0;0.0;0.0;;0.0;0.0;0;0.0;0.0;0.0;0.0;0;0.0;0.0;0.0;0.0;0.0;0.0;0.0;0.0;0.0;0.8;;;;;;;;;;;;;1.525;;;;
Pray to the Elders;Spell;green;1.0;;;0.03465735902799726;0.0;-0.0;1.5;0.0;;0;0.0;0.0;0.0;0.0;0.0;0;0.0;0.0;0.0;0.0;0;0.0;0.0;0.0;0.0;0.069;0.0;0.0;0.0;0.0;;;;;;;;;;;-1.5;;;;;;;
Rag, Forsaken King;Minion;green;8.0;0.0;8.0;-0.3145369870678473;-10.023;0.0;0.0;0.0;0.0;0;0.0;0.0;;0.0;0.0;0;0.0;0.0;0.0;0.0;0;0.0;0.0;0.0;0.0;0.0;0.0;0.0;0.0;0.0;0.8;;;;;;;;5.6;;;;;;;;0.8;
Rapid Decay;Spell;green;2.0;;;0.6666666666666666;0.0;-0.0;0.0;0.0;0.0;0;0.0;2.5;0.0;0.0;0.0;0;0.0;0.0;0.0;0.0;0;0.0;0.0;0.0;0.0;0.0;0.0;0.0;0.0;0.0;0.8;;;;;;;;;;;;;;;;;
Ravager;Minion;green;2.0;1.0;1.0;-0.27403960013016965;-0.822;0.0;0.0;0.0;0.0;0;0.0;0.0;0.0;0.0;0.0;0;0.0;0.0;0.0;0.0;0;0.0;0.0;0.0;0.0;0.0;0.0;0.0;0.0;0.0;;;;;;;;;;;;;;;;;;
Reborn Wanderer;Minion;green;3.0;2.0;2.0;-0.17087234106962995;-0.822;0.0;1.5;0.0;;0;0.0;0.0;0.0;0.0;0.0;0;0.0;0.0;0.0;0.0;0;0.139;0.0;0.0;0.0;0.0;0.0;0.0;0.0;0.0;;;;;;;;;;;-1.5;;;;;;;
Rise of the Forsaken;Spell;green;9.0;;;1.0430823787691224;0.0;-0.0;6.143;0.0;0.0;0;0.0;0.0;;0.0;0.0;0;0.0;0.0;0.0;0.0;0;0.0;0.896;0.0;0.0;0.0;2.5;0.0;0.0;0.0;0.8;;;;;;;;3.5;;;;;;;;;
Roaming Vendigo;Minion;green;5.0;3.0;3.0;-0.335042615644956;-2.32;0.0;0.0;0.0;0.0;0;0.0;0.0;0.0;0.0;0.0;0;0.0;0.0;0.0;0.0;0;0.2;0.0;0.0;0.0;0.11;0.0;0.0;0.0;0.0;;;;;;;;;;;;;;;;;;
Seek Asylum;Spell;green;2.0;;;-1.0545833333333334;0.0;-0.0;4.065;0.0;;0;-2.5;0.0;0.0;0.0;0.0;0;0.0;0.0;0.0;0.0;0;0.0;0.0;0.0;0.0;0.0;0.0;0.0;0.0;0.0;;;;;;;;;;;-4.729;;;;;;;
Suspicious Apple;Spell;green;1.0;;;0.9249999999999998;0.0;-0.0;2.85;0.0;0.0;0;0.0;-1.0;0.0;0.0;0.0;0;0.0;0.0;0.0;0.0;0;0.0;0.0;0.0;0.0;0.0;0.0;0.0;0.0;0.0;;;;;;;;;;;;;;;;;;
Swamp Lurker;Minion;green;6.0;4.0;4.0;-0.302873846105221;-2.32;0.0;0.0;0.0;0.0;0;0.0;0.0;0.0;0.0;0.0;0;0.0;0.0;0.0;0.0;0;0.0;0.0;0.0;0.0;0.0;0.0;0.2;0.0;0.0;;;;;;;;;;;;;;;;;;
Taxus, the Rotten;Minion;green;3.0;0.0;3.0;-0.1939206222313899;-1.46;0.0;0.0;1.2;0.0;0;-1.46;0.0;0.0;0.0;0.0;0;0.5;0.0;0.0;0.0;0;0.0;0.0;0.0;0.0;0.0;0.0;0.25;0.0;0.0;0.8;;;;;;;;;;;;;;;;;
Territorial Bjorn;Minion;green;4.0;4.0;4.0;0.32;0.0;0.0;0.0;1.2;0.0;0;0.0;0.0;0.0;0.0;0.0;0;0.0;0.0;0.0;0.0;0;0.0;0.0;0.0;0.0;0.0;0.0;0.4;0.0;0.0;;;;;;;;;;;;;;;;;;
Wandering Forest;Minion;green;5.0;3.0;3.0;-0.38668615378942456;-2.32;0.0;0.0;0.0;0.0;0;0.0;0.0;0.0;0.0;0.0;0;0.0;0.0;0.0;0.0;0;0.0;0.0;0.0;0.0;0.0;0.0;0.0;0.0;0.0;;;;;;;;;;;;;;;;;;
Wild Scavenger;Minion;green;2.0;2.0;2.0;0.5666666666666667;0.0;0.0;0.0;0.5;0.0;0;0.0;0.0;0.0;0.0;0.0;0;0.0;0.0;0.0;0.0;0;0.0;0.0;0.0;1.2;0.0;0.0;0.0;0.0;0.0;;;;;;;;;;;;;;;;;;
Wilderness;Territory;green;0.0;;;0.0;0.0;0.0;0.0;0.0;0.0;0;0.0;0.0;0.0;0.0;0.0;0;0.0;0.0;0.0;0.0;0;0.0;0.0;0.0;0.0;0.0;0.0;0.0;0.0;0.0;;;;;;;;;;;;;;;;;;
Winged Horror;Minion;green;3.0;3.0;3.0;0.26249999999999996;0.0;0.0;0.0;0.0;0.0;0;0.0;0.0;;0.0;0.0;0;0.0;0.0;0.0;0.0;0;0.0;0.0;0.0;0.0;0.0;0.0;0.0;0.0;0.0;;;;0.5;;;;;2.1;;;;;;;;;
Archfiend Lightning;Spell;red;2.0;;;0.3231049060186649;0.0;-0.0;0.0;0.0;0.0;0;0.0;1.8;0.0;0.0;0.0;0;0.0;0.0;0.0;0.0;0;0.139;0.0;0.0;0.0;0.0;0.0;0.0;0.0;0.0;;;;0.5;;;;;;;;;;;;;;
B00M, Iron-Bone Doctor;Minion;red;7.0;7.0;7.0;0.51;0.0;0.0;0.0;0.0;0.0;0;0.0;0.0;;0.0;0.0;0;0.0;0.0;0.0;0.0;0;0.0;0.0;0.0;0.0;0.0;2.0;0.3;0.0;0.0;0.8;;;;;;;;2.8;;;;;;;;;
Barrack;Territory;red;0.0;;;0.0;0.0;0.0;0.0;0.0;0.0;0;0.0;0.0;0.0;0.0;0.0;0;0.0;0.0;0.0;0.0;0;0.0;0.0;0.0;0.0;0.0;0.0;0.0;0.0;0.0;;;;;;;;;;;;;;;;;;
Battlefield Instigator;Minion;red;1.0;0.0;2.0;0.55;0.0;0.0;0.0;0.0;0.0;0;0.0;0.0;0.0;0.0;0.0;0;0.0;0.0;0.0;0.0;0;0.0;0.0;0.0;0.6;0.0;0.0;0.5;0.0;0.0;;;;;;;;;;;;;;;;;;
Battlehardened Quartermaster;Minion;red;1.0;1.0;2.0;0.6749294037880016;0.35;0.0;0.0;0.0;0.0;0;0.0;0.0;0.0;0.0;0.0;0;0.0;0.0;0.0;0.0;0;0.0;0.0;0.0;0.0;0.0;1.0;0.0;0.0;0.0;;;;;;;;;;;;;;;;;;
Bear Spirit Totem;Spell;red;2.0;;;0.16666666666666666;0.0;-0.0;0.0;0.0;0.0;0;0.0;0.0;0.0;0.0;0.0;0;0.5;0.0;0.0;0.0;0;0.0;0.0;0.0;0.0;0.0;0.0;0.0;0.0;0.0;;;;;;;;;;;;;;;;;;
Blackfeather Armormaster;Minion;red;6.0;4.0;5.0;0.09263946665880866;-1.46;0.0;0.0;0.0;0.0;0;0.0;0.0;0.0;0.0;0.0;0;0.0;0.0;0.0;0.0;0;0.0;0.0;0.5;0.0;0.0;0.0;0.0;1.5;0.0;;;;;;;1.2;;;;;;;;;;;
Blackfeather Striker;Minion;red;5.0;5.0;4.0;0.3416901987373328;-0.35;0.0;0.0;1.2;0.0;0;0.0;0.0;0.0;0.0;0.0;0;0.8;0.0;0.0;0.0;0;0.0;0.0;0.0;0.0;0.0;0.0;0.4;0.0;0.0;;;;;;;;;;;;;;;;;;
Blackfeather Vanguard;Minion;red;4.0;4.0;3.0;0.04501411924239969;-0.35;0.0;0.0;0.0;0.0;0;0.0;0.0;0.0;0.0;0.0;0;0.8;0.0;0.0;0.0;0;0.0;0.0;0.0;0.0;0.0;0.0;0.0;0.0;0.0;;;;0.5;;;;;;;;;;;;;;
Bleakfeather Gale;Minion;red;1.0;2.0;1.0;1.6249294037880015;0.35;0.0;0.0;0.0;0.0;0;0.0;0.0;0.0;0.0;0.0;0;0.0;0.0;0.0;0.0;0;0.0;0.0;0.0;0.9;0.0;0.0;2.0;0.0;0.0;;;;;;;;;;;;;;;;;;
Bleakfeather Kalut;Minion;red;1.0;1.0;2.0;1.6249294037880015;0.35;0.0;0.0;0.0;0.0;0;0.0;0.0;0.0;0.0;0.0;0;0.0;0.0;0.0;0.0;0;0.0;0.0;0.0;0.9;0.0;0.0;2.0;0.0;0.0;;;;;;;;;;;;;;;;;;
Cataclysm Core;Minion;red;2.0;0.0;3.0;0.2266854923231996;-0.35;0.0;1.5;0.0;0.0;0;0.0;0.0;0.0;0.0;0.0;0;0.0;0.0;0.5;0.3;0;0.0;0.0;0.0;0.0;0.0;0.0;0.0;0.0;-0.25;;;;0.5;;;;;;;;;;;;;0.8;
Chronicler of the Void;Minion;red;2.0;3.0;2.0;0.5628294145626641;0.35;0.0;0.0;1.2;0.0;0;0.0;0.0;0.0;0.0;0.0;0;0.0;0.0;0.0;0.0;0;0.139;0.0;0.0;0.0;0.0;0.0;0.0;0.0;0.0;;;;;;;;;;;;;;;;;;
Crusader;Token;red;0.0;1.0;1.0;0.0;0.0;0.0;0.0;0.0;0.0;0;0.0;0.0;0.0;0.0;0.0;0;0.0;0.0;0.0;0.0;0;0.0;0.0;0.0;0.0;0.0;0.0;0.0;0.0;0.0;;;;;;;;;;;;;;;;;;
Damned Necromancer;Minion;red;3.0;0.0;4.0;0.14139256507474615;-0.822;0.0;0.0;0.0;0.0;0;0.0;0.0;0.0;0.0;2.736;0;0.0;0.0;0.0;0.0;0;0.0;0.0;0.0;0.0;0.0;0.0;0.0;0.0;-0.5;;;;0.5;;;;;;;;;;;;;0.8;
Devoid Trickster;Minion;red;1.0;2.0;1.0;0.1749294037880016;0.35;0.0;0.0;0.0;0.0;0;0.0;0.0;0.0;0.0;0.0;0;0.0;0.0;0.0;0.0;0;0.0;0.0;0.0;0.0;0.0;0.0;0.0;0.0;0.0;;;;;;;;;;;;;;;;;;
Divine Smite;Spell;red;3.0;;;0.4;0.0;-0.0;0.0;0.0;0.0;0;0.0;2.0;0.0;0.0;0.0;0;0.0;0.0;0.0;0.0;0;0.0;0.0;0.0;0.0;0.0;0.0;0.0;0.0;0.0;0.8;;;;;;;;;;;;;;;;;
Flameborn Bear;Minion;red;4.0;4.0;3.0;0.5100282384847994;-0.35;0.0;0.0;1.2;0.0;0;0.0;1.3;0.0;0.0;0.0;0;0.0;0.0;0.0;0.0;0;0.0;0.0;0.0;0.0;0.0;0.0;0.4;0.0;0.0;;;;;;;;;;;;;;;;;;
Flameborn Phoenix;Minion;red;5.0;5.0;4.0;0.4333521589898662;-0.35;0.0;0.0;3.6;0.0;0;0.0;0.0;0.0;0.0;0.0;0;0.0;0.0;0.0;0.0;0;0.0;0.0;0.0;0.0;0.0;0.0;0.0;0.0;0.0;0.8;;;;;;;;;;;;;;;;;
Flameborn Tiger;Minion;red;3.0;3.0;2.0;0.2375352981059992;-0.35;0.0;0.0;1.2;;0;0.0;-0.3;0.0;0.0;0.0;0;0.0;0.0;0.0;0.0;0;0.0;0.0;0.0;0.0;0.0;0.0;0.4;0.0;0.0;;;;;;;;;;;;;;;;;;
Flameborn Wolf;Minion;red;2.0;2.0;1.0;0.2833803974746656;-0.35;0.0;1.5;0.0;0.0;0;0.0;-0.3;0.0;0.0;0.0;0;0.0;0.0;0.0;0.0;0;0.0;0.0;0.0;0.0;0.0;0.0;0.0;0.0;0.0;;;;;;;;;;;;;;;;;;
Force in Exile;Minion;red;4.0;4.0;3.0;-0.02697458536368057;-0.35;0.0;0.0;0.0;0.0;0;0.0;0.0;0.0;0.0;0.0;0;0.0;0.0;0.0;0.0;0;0.0;0.0;0.0;0.0;0.0;0.0;0.2;0.0;0.0;;;;0.9;;;;;;;;;;;;;;
Grim Mercenaries;Minion;red;3.0;2.0;3.0;0.9125352981059992;-0.35;0.0;0.0;0.0;0.0;0;0.0;0.0;0.0;0.0;0.0;0;0.0;0.0;0.0;0.0;0;0.0;0.0;0.0;0.0;0.0;2.0;2.0;0.0;0.0;;;;;;;;;;;;;;;;;;
Helios - Knight of the Rising Sun;Minion;red;10.0;6.0;6.0;-0.640892740682382;-10.023;0.0;0.0;0.0;0.0;0;0.0;0.0;0.0;0.0;0.0;0;2.4;0.0;0.0;0.0;0;0.0;0.0;0.0;0.0;0.0;0.0;0.4;0.0;0.0;0.8;1.22;;;;;;;;;;;;;;;;
Hellgate;Spell;red;1.0;;;-0.10558221954481191;0.0;-0.0;0.0;0.0;;0;0.0;0.0;0.0;0.0;2.736;0;0.0;0.0;0.0;0.0;0;0.0;0.0;0.0;0.0;0.0;0.0;0.0;0.0;0.0;0.8;;;;;;;;;;;;;;-3.0;;;
Highroller of the Abyss;Minion;red;5.0;3.0;4.0;-0.2932671851928249;-1.46;0.0;0.0;0.0;0.0;0;0.0;-0.3;0.0;0.0;0.0;0;0.0;0.0;0.0;0.0;0;0.0;0.0;0.0;0.0;0.0;0.0;0.0;0.0;0.0;;;;;;;;;;;;;;;;;;
Icarus Attack;Spell;red;1.0;;;-0.5;0.0;-0.0;0.0;0.0;0.0;0;0.0;-1.0;0.0;0.0;0.0;0;0.0;0.0;0.0;0.0;0;0.0;0.0;0.0;0.0;0.0;0.0;0.0;0.0;0.0;;;;;;;;;;;;;;;;;;
Infernity Archfiend;Minion;red;4.0;4.0;2.0;-0.057981384070291596;-0.822;0.0;0.0;0.0;0.0;0;0.0;0.0;0.0;0.0;0.0;0;0.0;0.0;0.5;0.0;0;0.0;0.0;0.0;0.0;0.0;0.0;0.0;0.0;0.0;;;;0.9;;;;;;;;;;;;;;
Kaelos, the Featherkin Harbinger;Minion;red;5.0;3.0;2.0;-0.5975585427117419;-3.482;0.0;0.0;1.2;;0;0.0;0.0;0.0;0.0;0.0;0;0.8;0.0;0.0;0.0;0;0.0;0.0;0.0;0.0;0.0;0.0;0.0;0.0;0.0;0.8;;;;;;;;;;;;;;-3.0;;;
Maul, Starhopper;Minion;red;5.0;5.0;5.0;0.024000000000000007;0.0;0.0;0.0;0.0;0.0;0;0.0;0.0;0.0;0.0;0.0;0;0.0;0.0;0.0;0.0;0;0.0;0.0;0.0;0.0;0.0;0.0;0.2;0.0;0.0;0.8;;;0.9;;;;;;;;;;;;;;
Overwhelming Power;Spell;red;1.0;;;0.0;0.0;-0.0;0.0;0.0;0.0;0;0.0;0.0;0.0;0.0;0.0;0;0.0;0.0;0.0;0.0;0;0.0;0.0;0.0;0.0;0.0;0.0;0.0;0.0;0.0;0.8;;;;;;;;;;;;;;;;;
Paper Frog;Minion;red;2.0;1.0;2.0;-0.03707645715467137;-0.35;0.0;0.0;0.0;;0;0.0;0.0;0.0;0.0;0.0;0;0.0;0.0;0.0;0.0;0;0.139;0.0;0.0;1.2;0.0;0.0;0.4;0.0;0.0;;;;;;;;;;;-1.5;;;;;;;
Radiant Banisher;Minion;red;3.0;2.0;2.0;-0.13997673008786451;-0.822;0.0;0.0;0.0;0.0;0;0.0;0.0;0.0;0.0;0.0;0;0.0;0.0;0.0;0.0;0;0.0;0.0;0.0;0.0;0.0;0.0;0.2;0.0;0.0;;;;0.9;;;;;;;;;;;;;;
Red Sunset;Spell;red;5.0;;;0.7416666666666666;0.0;-0.0;2.85;0.0;0.0;0;0.0;0.0;0.0;0.0;0.0;0;1.6;0.0;0.0;0.0;0;0.0;0.0;0.0;0.0;0.0;0.0;0.0;0.0;0.0;;;;;;;;;;;;;;;;;;
Reinforcements of the Army;Spell;red;2.0;;;0.8000000000000002;0.0;-0.0;0.0;0.0;0.0;0;0.0;0.0;0.0;0.0;0.0;0;0.0;0.0;0.0;0.0;0;0.0;0.0;0.0;0.0;0.0;3.0;0.0;0.0;0.0;0.8;;;;;;;;;;;;;;;;;
Scorching Sun;Spell;red;2.0;;;1.2;0.0;-0.0;0.0;0.0;0.0;0;0.0;4.5;0.0;0.0;0.0;0;0.0;0.0;0.0;0.0;0;0.0;0.0;0.0;0.0;0.0;0.0;0.0;0.0;0.0;0.8;;;;;;;;;;;;;;;;;
See Red;Spell;red;1.0;;;-1.2000000000000002;0.0;-0.0;0.0;0.0;;0;0.0;0.0;0.0;0.0;0.0;0;0.0;0.0;0.0;0.0;0;0.0;0.0;0.0;0.0;0.0;0.0;0.0;0.0;0.0;0.8;;;;;;;;;;;;;;-3.0;;;
Siege;Spell;red;4.0;;;0.24000000000000005;0.0;-0.0;0.0;0.0;0.0;0;0.0;0.0;0.0;0.0;0.0;0;1.2;0.0;0.0;0.0;0;0.0;0.0;0.0;0.0;0.0;0.0;0.0;0.0;0.0;;;;;;;;;;;;;;;;;;
Siege Titan;Minion;red;2.0;1.0;1.0;0.0592937332031637;-0.822;0.0;0.0;0.0;0.0;0;0.0;0.0;0.0;0.0;0.0;0;0.0;0.0;0.0;0.0;0;0.0;0.0;0.0;0.0;0.0;1.0;0.0;0.0;0.0;;;;;;;;;;;;;;;;;;
Spirit Armour;Spell;red;1.0;;;1.35;0.0;-0.0;1.5;0.0;0.0;0;0.0;0.0;0.0;0.0;0.0;0;0.0;0.0;0.0;0.0;0;0.0;0.0;0.0;1.2;0.0;0.0;0.0;0.0;0.0;;;;;;;;;;;;;;;;;;
Tiger Spirit Totem;Spell;red;2.0;;;0.11666666666666654;0.0;-0.0;2.85;0.0;;0;0.0;0.0;0.0;0.0;0.0;0;0.5;0.0;0.0;0.0;0;0.0;0.0;0.0;0.0;0.0;0.0;0.0;0.0;0.0;;;;;;;;;;;;;;;-3.0;;;
Trishula, Threefold Sovereign;Minion;red;9.0;9.0;9.0;0.0;0.0;0.0;0.0;0.0;0.0;0;0.0;0.0;0.0;0.0;0.0;0;0.0;0.0;0.0;0.0;0;0.0;0.0;0.0;0.0;0.0;0.0;0.0;0.0;0.0;0.8;;;0.9;;;;;;;;;;;;;;
Upwind;Quest;red;3.0;;;0.22500000000000003;0.0;0.0;0.0;1.2;0.0;0;0.0;0.0;0.0;0.0;0.0;0;0.0;0.0;0.0;0.0;0;0.0;0.0;0.0;0.0;0.0;0.0;0.3;0.0;0.0;0.8;;;0.75;;;;;;;;;;;;;;
Valorous Commander;Minion;red;4.0;3.0;3.0;0.3555762399218982;-0.822;0.0;0.0;0.0;0.0;0;0.0;0.0;0.0;0.0;0.0;0;0.0;0.0;0.0;0.0;0;0.0;0.0;0.0;1.2;0.0;1.0;0.4;0.0;0.0;;;;;;;;;;;;;;;;;;
Vessel of Forsaken Riches;Spell;red;0.0;;;1.35;0.0;-0.0;1.5;0.0;0.0;0;0.0;0.0;0.0;0.0;0.0;0;0.0;0.0;0.0;0.0;0;0.0;0.0;0.0;0.0;0.0;0.0;0.0;0.0;0.0;;;;0.9;;;;;;;;;;;;;;
Vino, Blackfeather Ascendant;Minion;red;1.0;0.0;1.0;-0.13994352303040128;-0.35;0.0;0.0;0.0;0.0;0;0.0;0.0;0.0;0.0;0.0;0;0.0;0.0;0.0;0.0;0;0.0;0.0;0.0;0.0;0.0;0.0;0.0;0.0;0.0;0.8;;;;;;;;;;;;;;;;;
Visions from the Void;Spell;red;3.0;;;0.5359437912434101;0.0;-0.0;1.5;0.0;0.0;0;0.0;0.0;0.0;0.0;0.0;0;0.0;0.0;0.644;0.0;0;0.0;0.0;0.0;0.0;0.0;0.0;0.0;0.0;0.0;;;;;;;;;;;;;;;;;;
Wildfire;Spell;red;2.0;;;0.6666666666666666;0.0;-0.0;0.0;0.0;0.0;0;0.0;2.0;0.0;0.0;0.0;0;0.0;0.0;0.0;0.0;0;0.0;0.0;0.0;0.0;0.0;0.0;0.0;0.0;0.0;;;;;;;;;;;;;;;;;;
Wolf Spirit Totem;Spell;red;2.0;;;0.16666666666666666;0.0;-0.0;0.0;0.0;0.0;0;0.0;0.0;0.0;0.0;0.0;0;0.5;0.0;0.0;0.0;0;0.0;0.0;0.0;0.0;0.0;0.0;0.0;0.0;0.0;;;;;;;;;;;;;;;;;;
Zorc, Archfiend Overlord;Minion;red;6.0;4.0;5.0;-0.045097498417937136;-1.46;0.0;4.065;0.0;;0;0.0;0.0;0.0;0.0;0.0;0;0.0;0.0;0.0;0.0;0;0.0;0.0;0.0;0.0;0.0;0.0;0.0;0.0;0.0;0.8;;;;;;;;;;;;;;-3.0;;;
