name;type_line;color;cost_total;atk;def;efficiency;stats;draw;move;discard;negate;sacrifice;destroy;deal_damage;must_attack;summon_from_grave;mana_discount;scry;reveal_summon;reveal_draw;ramp;recycle;gain_life;sap;pump;mill;summon_token;trigger;legendary_debuff;impulsive;discard_opp;condition_mult;grant_keyword_mult;draw_conditional;aggressive;draw_topdeck;deal_damage_target;stealth;discard_self;deal_damage_minion_or_player;deal_damage_all_enemies;deal_damage_all_minions;discard_self_hand;deal_damage_opponent;always_sapped;protector
Arkos, Plagueborn;Minion;black;10.0;6.0;6.0;-0.5432927406823821;-10.023;0.0;0.0;0.0;0;0.0;0.0;0.0;0.0;0.0;3.5;0.0;0.0;0.0;0;0.0;0.0;0.0;0.0;0.0;0.0;0.4;0.8;1.22;;;;;;;;;;;;;;;;
Armoured Mole;Minion;black;1.0;0.0;1.0;0.42630623235258436;-0.247;0.0;0.8;0.0;0;0.0;0.0;0.0;0.0;0.0;0.0;0.0;0.0;0.0;0;0.0;0.0;0.0;0.0;0.0;0.0;0.3;;;;;;;;;;;;;;;;;;
Awaken the Meek;Quest;black;1.0;;;0.2518334746401732;0.0;0.0;0.0;0.0;0;0.0;0.0;0.0;0.0;0.0;0.0;0.33;0.0;0.3;0;0.0;0.0;0.0;0.0;0.0;0.0;0.0;0.8;;;;;;;;;;;;;;;;;
Back Ritual;Spell;black;2.0;;;0.0;0.0;0.0;0.0;0.0;0;0.0;0.0;0.0;0.0;0.0;0.0;0.0;0.0;0.0;0;0.0;0.0;0.0;0.0;0.0;0.0;0.0;;;;;;;;;;;;;;;;;;
Bad Omen;Spell;black;2.0;;;0.2912121560576994;0.0;0.0;0.0;0.0;0;0.0;0.0;0.0;0.0;0.0;0.0;0.538;0.555;0.0;0;0.0;0.0;0.0;0.0;0.0;0.0;0.0;0.8;;;;;;;;;;;;;;;;;
Black Door;Spell;black;2.0;;;0.0;0.0;0.0;0.0;0.0;0;0.0;0.0;0.0;0.0;0.0;0.0;0.0;0.0;0.0;0;0.0;0.0;0.0;0.0;0.0;0.0;0.0;;;;;;;;;;;;;;;;;;
Bound by Darkness;Spell;black;1.0;;;14.000.000.000.000.000;0.0;0.0;0.0;;0;0.0;0.0;0.0;0.0;0.0;0.0;0.0;0.0;0.0;0;0.0;0.0;0.0;0.0;0.0;0.0;0.0;0.8;;3.5;;;;;;;;;;;;;;;
Brain Fog;Spell;black;1.0;;;1.079.583.686.600.430;0.0;;0.0;0.0;0;0.0;0.0;0.0;0.0;0.0;0.0;0.0;0.0;0.0;0;0.0;0.0;0.0;0.0;0.0;0.0;0.0;;;;;;;;2.159;;;;;;;;;;
Cold Impact;Spell;black;3.0;;;0.375;0.0;0.0;0.0;0.0;0;0.0;0.0;0.0;0.0;0.0;0.0;0.0;0.0;0.0;0;0.0;0.0;1.5;0.0;0.0;0.0;0.0;;;;;;;;;;;;;;;;;;
Cold-Hearted Overseer;Minion;black;6.0;0.0;4.0;-0.1470497360780161;-3.544;0.0;0.0;0.0;0;0.0;0.0;0.0;0.0;0.0;0.0;0.0;0.0;0.0;0;0.0;0.0;1.5;1.2;0.0;0.0;0.0;;1.22;;;;;;;;;;;;;;;;
Dark Dealings;Spell;black;5.0;;;0.17292130679473608;0.0;0.0;0.0;0.0;0;0.0;0.0;0.0;0.0;0.0;0.0;0.538;0.5;0.0;0;0.0;0.0;0.0;0.0;0.0;0.0;0.0;;;;;;;;;;;;;;;;;;
Death Dealer;Minion;black;2.0;2.0;2.0;0.4676666666666666;0.0;;0.0;0.0;0;0.0;0.0;0.0;0.0;0.0;0.0;0.0;0.0;0.0;0;0.0;0.0;0.0;0.0;0.0;0.0;0.4;;1.22;;;;0.75;;;;;;;;;;;;
Doomed Soldier;Minion;black;2.0;2.0;2.0;0.2333333333333333;0.0;0.0;0.0;0.0;0;0.0;0.0;;0.0;0.0;0.0;0.0;0.0;0.0;0;0.0;0.0;0.0;0.0;0.0;0.0;0.0;;;;;;;;;0.7;;;;;;;;;
Ethereal Embrace;Spell;black;0.0;;;-0.2;0.0;0.0;-0.2;0.0;0;0.0;0.0;0.0;0.0;0.0;0.0;0.0;0.0;0.0;0;0.0;0.0;0.0;0.0;0.0;0.0;0.0;;;;;;;;;;;;;;;;;;
Flash Freeze;Spell;black;1.0;;;0.25;0.0;0.0;0.0;0.0;0;0.0;0.0;0.0;0.0;0.0;0.0;0.0;0.0;0.0;0;0.0;0.0;0.5;0.0;0.0;0.0;0.0;;;;;;;;;;;;;;;;;;
Gate to the Underworld;Spell;black;4.0;;;0.17472729363461964;0.0;0.0;0.0;0.0;0;0.0;0.0;0.0;0.0;0.0;0.0;0.538;0.555;0.0;0;0.0;0.0;0.0;0.0;0.0;0.0;0.0;0.8;;;;;;;;;;;;;;;;;
Geodo, Walking Fortress;Minion;black;5.0;4.0;4.0;-0.07465425604686109;-0.822;0.0;0.0;0.0;0;0.0;0.0;0.0;0.0;0.0;0.0;0.0;0.0;0.0;0;0.0;0.0;0.0;0.0;0.0;0.0;0.2;0.8;;;0.9;;;;;;;;;;;;;;
Gloomy Infiltrator;Minion;black;3.0;2.0;3.0;0.2139765129282471;-0.313;0.0;0.0;0.0;0;0.0;0.0;0.0;0.0;0.0;1.6;0.0;0.0;0.0;0;0.0;0.0;0.0;0.0;0.0;0.0;0.0;;;;0.5;;;;;;1.33;;;;;;;;
Grivous, Plaguehorde Commander;Minion;black;4.0;2.0;4.0;-0.18740115034164068;-0.671;0.0;0.0;0.0;0;0.0;0.0;0.0;0.0;0.0;0.0;0.0;0.0;0.0;0;0.0;0.0;-0.5;0.0;0.0;0.0;0.0;0.8;;;;;;;;;;;;;;;;;
Horde;Token;black;0.0;2.0;2.0;0.0;0.0;0.0;0.0;0.0;0;0.0;0.0;0.0;0.0;0.0;0.0;0.0;0.0;0.0;0;0.0;0.0;0.0;0.0;0.0;0.0;0.0;;;;;;;;;;;;;;;;;;
Imprisoned Imp;Minion;black;2.0;0.0;1.0;0.3484177690685728;-1.032;2.85;0.0;0.0;0;-1.032;0.0;0.0;0.0;0.0;0.0;0.0;0.0;0.0;0;0.0;0.0;0.0;0.0;0.0;0.0;0.0;;;;;;;;;;1.33;;;;;;;;
Invasive Architect;Minion;black;2.0;2.0;2.0;0.911258352230525;0.0;0.0;0.0;0.0;0;0.0;0.0;0.0;0.0;3.0;0.0;0.538;0.0;0.0;0;0.0;0.0;-0.5;0.0;0.0;0.0;0.0;;;;0.9;;;;;;;;;;;;;;
Invasive Brute;Minion;black;2.0;2.0;2.0;0.16125835223052495;0.0;0.0;0.0;0.0;0;0.0;0.0;0.0;0.0;0.0;0.0;0.538;0.5;0.0;0;0.0;0.0;-0.5;0.0;0.0;0.0;0.0;;;;0.9;;;;;;;;;;;;;;
Invasive Diplomat;Minion;black;2.0;2.0;2.0;0.31125835223052495;0.0;0.0;0.0;0.0;0;0.0;0.0;0.0;0.0;0.0;0.0;0.538;0.5;0.0;0;0.0;0.0;0.0;0.0;0.0;0.0;0.0;;;;0.9;;;;;;;;;;;;;;
Invasive Mothership;Minion;black;1.0;0.0;2.0;0.0;0.0;0.0;0.0;0.0;0;-0.0;0.0;0.0;0.0;0.0;0.0;0.0;0.0;0.0;0;0.0;0.0;0.0;0.0;0.0;0.0;0.0;;;;;;;;;;;;;;;;;;
Invasive Technomancer;Minion;black;2.0;2.0;2.0;0.3712583522305249;0.0;0.0;1.2;0.0;0;0.0;0.0;0.0;0.0;0.0;0.0;0.538;0.0;0.0;0;0.0;0.0;-0.5;0.0;0.0;0.0;0.0;;;;0.9;;;;;;;;;;;;;;
Invasive Vanguard;Minion;black;2.0;2.0;2.0;0.881258352230525;0.0;0.0;0.0;0.0;0;0.0;0.0;0.0;0.0;0.0;0.0;0.538;0.5;0.0;0;0.0;0.0;-0.5;2.4;0.0;0.0;0.0;;;;0.9;;;;;;;;;;;;;;
Laios, Rotting King;Minion;black;3.0;1.0;3.0;-0.2562651557394157;-0.581;0.0;-0.2;0.0;0;0.0;0.0;0.0;0.0;0.0;0.0;0.0;0.0;0.0;0;0.0;0.0;-0.5;0.0;0.0;0.0;0.0;0.8;;;;;;;;;;;;;;;;;
Magic Mirrors on the Wall;Spell;black;7.0;;;-0.07320000000000002;0.0;0.0;-0.6;0.0;0;0.0;0.0;0.0;0.0;0.0;0.0;0.0;0.0;0.0;0;0.0;0.0;0.0;0.0;0.0;0.0;0.0;0.8;;;;1.22;;;;;;;;;;;;;
March of the Plaguehorde;Spell;black;1.0;;;0.0;0.0;0.0;0.0;0.0;0;0.0;0.0;0.0;0.0;0.0;0.0;0.0;0.0;0.0;0;0.0;0.0;0.0;0.0;0.0;0.0;0.0;;;;;;;;;;;;;;;;;;
Miautz, Criminal Mastermind;Minion;black;3.0;0.0;4.0;0.2718674221302922;-0.291;;0.0;0.0;0;0.0;0.0;0.0;0.0;0.0;0.0;0.0;0.5;0.0;0;0.0;0.0;0.0;0.0;0.0;0.0;0.4;0.8;;;;;0.75;;;;;;;;;;;;
Mitril, the Forgotten;Minion;black;3.0;2.0;1.0;0.10164781004577583;-1.192;1.5;0.0;0.0;0;0.0;0.0;0.0;0.0;0.0;0.0;0.0;0.0;0.0;0;0.0;0.0;0.0;0.0;0.0;0.0;0.2;0.8;;;;;;;;;;;;;;;;;
Mysterious Shade;Minion;black;2.0;3.0;2.0;0.03764107683559487;0.313;0.0;-0.2;0.0;0;0.0;0.0;0.0;0.0;0.0;0.0;0.0;0.0;0.0;0;0.0;0.0;0.0;0.0;0.0;0.0;0.0;;;;;;;;;;;;;;;;;;
Otherworldly Slash;Spell;black;7.0;;;0.225;0.0;0.0;0.0;0.0;0;0.0;1.8;0.0;0.0;0.0;0.0;0.0;0.0;0.0;0;0.0;0.0;0.0;0.0;0.0;0.0;0.0;;;;;;;;;;;;;;;;;;
Patient Maiden;Minion;black;6.0;3.0;4.0;-0.46048824606819844;-3.223;0.0;0.0;0.0;0;0.0;0.0;0.0;0.0;0.0;0.0;0.0;0.0;0.0;0;0.0;0.0;0.0;0.0;0.0;0.0;0.0;;;;;;;;;;;;;;;;;;
Rau, the Eternal;Minion;black;7.0;6.0;6.0;0.1577881199609491;-0.822;0.0;2.4;0.0;0;0.0;0.0;0.0;0.0;0.0;0.0;0.0;0.0;0.0;0;0.0;0.0;0.0;0.0;0.0;0.0;0.0;0.8;;;;;;;;;;;;;;;;;
Relentless Hunter;Minion;black;3.0;4.0;3.0;0.03779142642157795;0.324;0.0;-0.2;0.0;0;0.0;0.0;0.0;0.0;0.0;0.0;0.0;0.0;0.0;0;0.0;0.0;0.0;0.0;0.0;0.0;0.0;;1.22;;;;;;;;;;;;;;;;
Restricted;Minion;black;6.0;0.0;6.0;-0.20824395163510895;-1.458;0.0;0.0;0.0;0;0.0;0.0;0.0;0.0;0.0;0.0;0.0;0.0;0.0;0;0.0;0.0;0.0;0.0;0.0;0.0;0.0;;;;;;;;;;;;;;;;;;
Rising Mist;Spell;black;3.0;;;0.2375;0.0;;0.0;0.0;0;0.0;0.0;0.0;0.0;0.0;0.0;0.0;0.0;0.0;0;0.2;0.0;0.0;0.0;0.0;0.0;0.0;;;;;;0.75;;;;;;;;;;;;
Rot Away;Spell;black;7.0;;;0.225;0.0;0.0;0.0;0.0;0;0.0;1.8;0.0;0.0;0.0;0.0;0.0;0.0;0.0;0;0.0;0.0;0.0;0.0;0.0;0.0;0.0;;;;;;;;;;;;;;;;;;
Shining Drifter;Minion;black;1.0;0.0;2.0;0.25;0.0;1.5;0.0;0.0;0;0.0;0.0;0.0;0.0;0.0;0.0;0.0;0.0;0.0;0;0.0;0.0;-0.5;0.0;0.0;0.0;0.0;;;;0.5;;;;;;;;;;;;;;
Stack the Deck;Spell;black;1.0;;;0.6000000000000001;0.0;1.5;0.0;0.0;0;0.0;0.0;0.0;0.0;0.0;0.0;0.0;0.0;0.0;0;0.0;0.0;0.0;0.0;0.0;0.0;0.0;0.8;;;;;;;;;;;;;;;;;
Temptation of the Night;Spell;black;2.0;;;0.4749999999999999;0.0;2.85;0.0;0.0;0;0.0;0.0;0.0;0.0;0.0;0.0;0.0;0.0;0.0;0;0.0;0.0;0.0;0.0;0.0;0.0;0.0;;;;0.5;;;;;;;;;;;;;;
Thing in the Ice;Minion;black;2.0;1.0;1.0;-0.04070626679683629;-0.822;0.0;0.0;0.0;0;0.0;0.0;0.0;0.0;0.0;0.0;0.0;0.0;0.0;0;0.0;0.0;0.5;0.0;0.0;0.0;0.2;;;;;;;;;;;;;;;;;;
Trivikrama, Gran Conqueror;Minion;black;2.0;2.0;2.0;0.6840089090458933;0.0;0.0;0.0;0.0;0;0.0;1.6;0.0;0.0;0.0;0.0;0.538;0.5;0.0;0;0.0;0.0;-0.5;0.0;0.0;0.0;0.0;0.8;;;;;;1.2;;;;;;;;;;;
Valdris, Undying Giant;Minion;black;10.0;8.0;8.0;-0.20585764696280637;-2.32;0.0;0.0;0.0;0;0.0;0.0;0.0;0.0;0.0;0.0;0.0;0.0;0.0;0;0.0;0.0;0.0;0.0;0.0;0.0;0.0;0.8;1.22;;;;;;;;;;;;;;;;
Vanish;Spell;black;2.0;;;0.0;0.0;0.0;0.0;0.0;0;0.0;0.0;0.0;0.0;0.0;0.0;0.0;0.0;0.0;0;0.0;0.0;0.0;0.0;0.0;0.0;0.0;;;;;;;;;;;;;;;;;;
Vindictive Spirit;Minion;black;1.0;0.0;2.0;0.17328679513998632;0.0;;0.0;0.0;0;0.0;0.0;0.0;0.0;0.0;0.0;0.0;0.0;0.0;0;0.0;0.0;0.0;0.0;0.0;0.0;0.0;;;;;;;;0.347;;;;;;;;;;
Wrathful Vassal;Minion;black;4.0;4.0;4.0;0.09759999999999999;0.0;0.0;0.0;0.0;0;0.0;0.0;0.0;0.0;0.0;0.0;0.0;0.0;0.0;0;0.0;0.0;0.0;0.0;0.0;0.0;0.4;;1.22;;;;;;;;;;;;;;;;
Ziggurat;Territory;black;0.0;;;0.0;0.0;0.0;0.0;0.0;0;0.0;0.0;0.0;0.0;0.0;0.0;0.0;0.0;0.0;0;0.0;0.0;0.0;0.0;0.0;0.0;0.0;;;;;;;;;;;;;;;;;;
Abominable Barrier;Spell;blue;1.0;;;0.0;0.0;0.0;0.0;0.0;0;0.0;0.0;0.0;0.0;0.0;0.0;0.0;0.0;0.0;0;0.0;0.0;0.0;0.0;0.0;0.0;0.0;;;;;;;;;;;;;;;;;;
Ancient Cloud;Spell;blue;1.0;;;0.0;0.0;0.0;0.0;0.0;0;0.0;0.0;0.0;0.0;0.0;0.0;0.0;0.0;0.0;0;0.0;0.0;0.0;0.0;0.0;0.0;0.0;;;;;;;;;;;;;;;;;;
Back Alley Assassin;Minion;blue;2.0;2.0;2.0;0.06666666666666667;0.0;0.0;0.0;0.0;0;0.0;0.0;0.0;0.0;0.0;0.0;0.0;0.0;0.0;0;0.0;0.0;0.0;0.0;0.0;0.0;0.2;;;;;;;;;;;;;;;;;;
Burn the Heretics;Spell;blue;3.0;;;0.6042367587674604;0.0;0.0;0.0;0.0;0;0.0;0.0;;0.0;0.0;0.0;0.0;0.0;0.0;0;0.0;0.0;0.0;0.0;0.0;0.0;0.0;;;;;;;;;;;;;;2.417;;;;
Burning Knowledge;Spell;blue;4.0;;;0.20999999999999996;0.0;0.0;0.0;0.0;0;0.0;0.0;;0.0;0.0;0.0;0.0;0.0;0.0;0;0.0;0.0;0.0;0.0;0.0;0.0;0.0;;;;0.5;;;;;2.1;;;;;;;;;
Crimson Hunter;Minion;blue;3.0;1.0;2.0;-0.2729402374427802;-1.192;0.0;0.0;;0;0.0;0.0;0.0;-0.3;0.0;0.0;0.0;0.0;0.0;0;0.0;0.0;0.0;1.2;0.0;0.0;0.7;;;;;;;;;;;-1.5;;;;;;;
Cruel Ritual;Spell;blue;4.0;;;0.3069722457733622;0.0;2.85;0.0;0.0;0;0.0;0.0;0.0;0.0;0.0;0.0;0.0;0.0;0.0;0;0.22;0.0;0.0;0.0;0.0;0.0;0.0;;;;0.5;;;;;;;;;;;;;;
Deadly Poison;Spell;blue;3.0;;;0.5499999999999999;0.0;0.0;0.0;0.0;0;0.0;0.0;;0.0;0.0;0.0;0.0;0.0;0.0;0;0.0;0.0;-0.5;0.0;0.0;0.0;0.0;;;;;;;;;;;;2.7;;;;;;
Disgraced Disciple;Minion;blue;1.0;1.0;2.0;0.21214397815262342;0.286;0.0;0.0;0.0;0;0.0;0.0;0.0;0.0;0.0;0.0;0.0;0.0;0.0;0;0.139;0.0;0.0;0.0;0.0;0.0;0.0;;;;;;;;;;;;;;;;;;
Disgraceful Spark;Spell;blue;1.0;;;1.309.861.228.866.810;0.0;1.5;0.0;0.0;0;0.0;0.0;;0.0;0.0;0.0;0.0;0.0;0.0;0;0.22;0.0;0.0;0.0;0.0;0.0;0.0;;;;;;;;;;;;0.9;;;;;;
Dracul's Follower;Minion;blue;3.0;3.0;2.0;-0.42823080762669624;-0.313;2.85;0.0;;0;0.0;-1.0;0.0;-0.3;0.0;0.0;0.0;0.0;0.0;0;0.0;0.0;0.0;0.0;0.0;0.0;0.55;;;;;;;;;;;;;;;-3.5;;;
Edwin, Legendary Thief;Minion;blue;4.0;3.0;4.0;0.3247527359261909;-0.324;1.5;0.0;0.0;0;0.0;0.0;0.0;0.0;0.0;0.0;0.0;0.0;0.0;0;0.0;0.0;0.0;0.0;0.0;0.0;0.35;0.8;;;;;;;;;1.33;;;;;;;;
Enchanted Grove;Spell;blue;4.0;;;0.6699999999999999;0.0;2.85;0.0;0.0;0;0.0;0.0;0.0;0.0;0.0;1.0;0.0;0.0;0.0;0;0.0;0.0;-0.5;0.0;0.0;0.0;0.0;;;;;;;;;;;;;;;;;;
Endless Research;Spell;blue;1.0;;;-0.11249999999999938;0.0;2.85;0.0;;0;0.0;0.0;0.0;0.0;0.0;0.0;0.0;0.0;0.0;0;0.0;0.0;0.0;0.0;0.0;0.0;0.0;;;;;;;;;;;-3.075;;;;;;;
Experiment #1;Minion;blue;1.0;1.0;1.0;-0.75;0.0;0.0;0.0;;0;0.0;0.0;0.0;0.0;0.0;0.0;0.0;0.0;0.0;0;0.0;0.0;0.0;0.0;0.0;0.0;0.0;;;;;;;;;;;-1.5;;;;;;;
Experiment #2;Minion;blue;2.0;1.0;2.0;-0.5952195067310859;-0.286;0.0;0.0;;0;0.0;0.0;0.0;0.0;0.0;0.0;0.0;0.0;0.0;0;0.0;0.0;0.0;0.0;0.0;0.0;0.0;;;;;;;;;;;-1.5;;;;;;;
Experiment #3;Minion;blue;3.0;1.0;3.0;-0.5203314446742696;-0.581;0.0;0.0;;0;0.0;0.0;0.0;0.0;0.0;0.0;0.0;0.0;0.0;0;0.0;0.0;0.0;0.0;0.0;0.0;0.0;;;;;;;;;;;-1.5;;;;;;;
Experiment #4;Minion;blue;4.0;1.0;4.0;0.20537318755504455;-0.923;2.85;0.0;;0;0.0;0.0;0.0;0.0;0.0;0.0;0.0;0.0;0.0;0;0.0;0.0;0.0;0.6;0.0;0.0;0.0;;;;;;;;;;;-1.5;;;;;;;
Faithless Saint;Minion;blue;4.0;3.0;3.0;0.20278811996094906;-0.822;2.85;0.0;0.0;0;0.0;0.0;0.0;0.0;0.0;0.0;0.0;0.0;0.0;0;0.0;0.0;0.0;0.0;0.0;0.0;0.0;;;;0.5;;;;;;;;;;;;;;
Faust, Crazed Creator;Minion;blue;5.0;1.0;1.0;-0.8427811656769921;-10.023;0.0;0.0;0.0;0;0.0;0.0;0.0;0.0;3.0;0.0;0.0;0.0;0.0;0;0.0;0.0;0.0;0.0;0.0;0.0;0.0;0.8;;;0.9;;;;;;;;;;;;;;
Forced Conversion;Spell;blue;4.0;;;0.32;0.0;0.0;0.0;0.0;0;0.0;1.6;0.0;0.0;0.0;0.0;0.0;0.0;0.0;0;0.0;0.0;0.0;0.0;0.0;0.0;0.0;;;;;;;;;;;;;;;;;;
Francus, Pope of Demise;Minion;blue;2.0;1.0;1.0;-0.1658983467708024;-0.822;0.0;0.0;0.0;0;0.0;0.0;0.0;0.0;0.0;0.0;0.0;0.0;0.0;0;0.2;0.0;0.0;0.0;0.0;0.0;0.0;0.8;;;;;;;;;;;;;;;;;
Fried, Lightning Blade;Minion;blue;6.0;6.0;6.0;0.42525714285714283;0.0;2.85;0.0;0.0;0;0.0;0.0;0.0;0.0;0.0;0.0;0.0;0.0;0.0;0;0.0;0.0;0.0;0.0;0.0;0.0;0.2;0.8;1.22;;;;;;;;;;;;;;;;
Friendly Fire;Quest;blue;1.0;;;0.0;0.0;1.5;0.0;;0;0.0;0.0;0.0;0.0;0.0;0.0;0.0;0.0;0.0;0;0.0;0.0;0.0;0.0;0.0;0.0;0.0;0.8;;;;;;;;;;-1.5;;;;;;;
Grinning Merchant;Minion;blue;1.0;1.0;1.0;0.0;0.0;1.5;0.0;;0;0.0;0.0;0.0;0.0;0.0;0.0;0.0;0.0;0.0;0;0.0;0.0;0.0;0.0;0.0;0.0;0.0;;;;;;;;;;;-1.5;;;;;;;
Highwayman;Minion;blue;3.0;5.0;5.0;2,19E+11;2.32;0.0;0.0;0.0;0;-2.32;0.0;0.0;0.0;0.0;0.0;0.0;0.0;0.0;0;0.0;0.0;0.0;0.0;0.0;0.0;0.0;;;;0.75;;;;;;;;;;;;;;
Lightning Bolt in a Bottle;Spell;blue;1.0;;;0.8399999999999999;0.0;0.0;0.0;0.0;0;0.0;0.0;;0.0;0.0;0.0;0.0;0.0;0.0;0;0.0;0.0;0.0;0.0;0.0;0.0;0.0;0.8;;;;;;;;2.1;;;;;;;;;
Lucard, Lord of Bats;Minion;blue;5.0;3.0;3.0;-0.28268225636487293;-2.32;0.0;0.0;0.0;0;0.0;0.0;0.0;0.0;0.0;0.0;0.0;0.0;0.0;0;0.0;0.0;0.0;0.0;0.0;0.0;0.2;0.8;;;;;;;;;;;;;;;;;
Magical Convergence;Spell;blue;7.0;;;10.215.888.308.335.900;0.0;0.0;0.0;0.0;0;0.0;0.0;;0.0;0.0;0.0;0.0;0.0;0.0;0;0.416;0.0;0.0;0.0;0.0;0.0;0.0;0.8;;;;;;;;9.8;;;;;;;;;
Mana Spirit;Minion;blue;6.0;4.0;6.0;-0.07647505847164335;-0.735;0.0;0.0;0.0;0;0.0;0.0;0.0;0.0;0.0;0.0;0.0;0.0;0.0;0;0.0;0.0;0.0;0.0;0.0;0.0;0.2;;;;;;;;;;;;;;;;;;
Mass Hysteria;Spell;blue;7.0;;;0.4;0.0;0.0;0.0;0.0;0;0.0;4.0;0.0;0.0;0.0;0.0;0.0;0.0;0.0;0;0.0;0.0;0.0;0.0;0.0;0.0;0.0;0.8;;;;;;;;;;;;;;;;;
Mysterious Potion;Spell;blue;1.0;;;0.5693147180559945;0.0;1.5;0.0;0.0;0;0.0;0.0;0.0;0.0;0.0;0.0;0.0;0.0;0.0;0;0.139;0.0;-0.5;0.0;0.0;0.0;0.0;;;;;;;;;;;;;;;;;;
Nikola, Disgraced Genius;Minion;blue;4.0;3.0;3.0;0.1724609919375186;-0.822;1.5;0.0;0.0;0;0.0;0.0;0.0;0.0;0.0;0.0;0.0;0.0;0.0;0;0.0;0.0;0.0;0.0;0.0;0.0;0.4;0.8;;;;;;;;;;;;;;;;;
Pray for Demise;Spell;blue;3.0;;;0.425;0.0;1.5;0.0;0.0;0;0.0;0.0;0.0;0.0;0.0;0.0;0.0;0.0;0.0;0;0.2;0.0;0.0;0.0;0.0;0.0;0.0;;;;;;;;;;;;;;;;;;
Red Sage;Minion;blue;3.0;1.0;3.0;-0.5904008302408641;-0.581;0.0;0.0;;0;0.0;0.0;0.0;0.0;0.0;0.0;0.0;0.0;0.0;0;0.22;0.0;-0.5;0.0;0.0;0.0;0.0;;;;;;;;;;;-1.5;;;;;;;
Request Tribute;Spell;blue;3.0;;;0.05;0.0;0.0;0.0;0.0;0;0.0;0.0;0.0;0.0;0.0;0.0;0.0;0.0;0.0;0;0.2;0.0;0.0;0.0;0.0;0.0;0.0;;;;;;;;;;;;;;;;;;
Ronald, Dark Clown;Minion;blue;1.0;1.0;1.0;-0.12000000000000005;0.0;0.0;0.0;;0;0.0;0.0;;0.0;0.0;0.0;0.0;0.0;0.0;0;0.0;0.0;0.0;0.0;0.0;0.0;0.3;0.8;;;;;;;;;;-1.5;0.9;;;;;;
Rune of Power;Spell;blue;2.0;;;-0.5;0.0;0.0;0.0;;0;0.0;0.0;0.0;0.0;0.0;0.0;0.0;0.0;0.0;0;0.0;0.0;0.0;0.0;0.0;0.0;0.0;;;;;;;;;;;-1.5;;;;;;;
Sadu, False Prophet;Minion;blue;3.0;3.0;1.0;0.023734844260584288;-0.581;0.0;0.5;0.0;0;0.0;0.0;0.0;0.0;0.0;0.0;0.0;0.0;0.0;0;0.2;0.0;0.0;0.0;0.0;0.0;0.0;0.8;;;;;;;;;;;;;;;;;
Siren Song;Spell;blue;3.0;;;0.3;0.0;0.0;1.2;0.0;0;0.0;0.0;0.0;0.0;0.0;0.5;0.0;0.0;0.0;0;0.0;0.0;-0.5;0.0;0.0;0.0;0.0;;;;;;;;;;;;;;;;;;
Stoic Runehart;Minion;blue;4.0;3.0;3.0;-0.04124609841090834;-0.822;0.0;0.0;0.0;0;0.0;0.0;0.0;0.0;0.0;0.0;0.416;0.0;0.0;0;0.0;0.0;0.0;0.0;0.0;0.0;0.2;;;;;;;;;;;;;;;;;;
Submit to Will;Spell;blue;5.0;;;0.06666666666666667;0.0;0.0;0.0;0.0;0;0.0;0.0;0.0;0.0;0.0;0.5;0.0;0.0;0.0;0;0.0;0.0;0.0;0.0;0.0;0.0;0.0;0.8;;;;;;;;;;;;;;;;;
Temple;Territory;blue;0.0;;;0.0;0.0;0.0;0.0;0.0;0;0.0;0.0;0.0;0.0;0.0;0.0;0.0;0.0;0.0;0;0.0;0.0;0.0;0.0;0.0;0.0;0.0;;;;;;;;;;;;;;;;;;
Tiwaz, Runic Titan;Minion;blue;10.0;8.0;8.0;0.08580967834643292;-2.32;0.0;0.0;0.0;0;0.0;0.0;0.0;0.0;0.0;3.5;0.0;0.0;0.0;0;0.0;0.0;0.0;0.0;0.0;0.0;0.0;0.8;;;;;;;;;;;;;;;;;
Trespass;Spell;blue;2.0;;;0.4499999999999999;0.0;2.85;0.0;;0;0.0;0.0;0.0;0.0;0.0;0.0;0.0;0.0;0.0;0;0.0;0.0;0.0;0.0;0.0;0.0;0.0;;;;;;;;;;;-1.5;;;;;;;
Troublesome Companion;Minion;blue;2.0;2.0;3.0;0.22739596552467448;0.313;1.5;0.0;;0;0.0;0.0;0.0;0.0;0.0;0.0;0.0;0.0;0.0;0;0.0;0.0;0.0;0.0;0.0;0.0;0.2;;;;;;;;;;1.33;-1.5;;;;;;;
Unnatural Disaster;Spell;blue;1.0;;;0.7208730677823432;0.0;0.0;0.0;0.0;0;0.0;0.0;;0.0;0.0;0.0;0.0;0.0;0.0;0;0.0;0.0;0.0;0.0;0.0;0.0;0.0;0.8;;;;;;;;;;;;1.802;;;;;
Vampirism;Spell;blue;1.0;;;0.75;0.0;1.5;0.0;0.0;0;0.0;0.0;0.0;0.0;0.0;0.0;0.0;0.0;0.0;0;0.0;0.0;0.0;0.0;0.0;0.0;0.0;;;;;;;;;;;;;;;;;;
Young Heir;Minion;blue;1.0;1.0;1.0;0.7;0.0;0.0;1.2;0.0;0;0.0;0.0;0.0;0.0;0.0;0.0;0.0;0.0;0.0;0;0.0;0.0;0.0;0.0;0.0;0.0;0.2;;;;;;;;;;;;;;;;;;
Big Shield Defender;Minion;colorless;1.0;0.0;3.0;0.08569755605797733;0.143;0.0;0.0;0.0;0;0.0;0.0;0.0;0.0;0.0;0.0;0.0;0.0;0.0;0;0.0;0.0;0.0;0.0;0.0;0.0;0.0;;;;;;;;;;;;;;;;;;1.2
Big Time Bounty Hunter;Minion;colorless;3.0;2.0;2.0;0.1944702999023728;-0.822;0.0;0.0;0.0;0;0.0;1.6;0.0;0.0;0.0;0.0;0.0;0.0;0.0;0;0.0;0.0;0.0;0.0;0.0;0.0;0.0;;;;;;;;;;;;;;;;;;
Black Rider;Minion;colorless;4.0;3.0;4.0;0.25521873677273577;-0.324;0.0;0.0;0.0;0;0.0;1.6;0.0;0.0;0.0;0.0;0.0;0.0;0.0;0;0.0;0.0;0.0;0.0;0.0;0.0;0.0;;;;;;;;;;;;;;;;;;
Bloody Masochist;Minion;colorless;3.0;0.0;3.0;0.27602988127860995;-0.596;1.5;0.0;0.0;0;0.0;0.0;0.0;0.0;0.0;0.0;0.0;0.0;0.0;0;0.0;0.0;0.0;0.0;0.0;0.0;0.2;;;;;;;;;;;;;;;;;;
Bomb Carrier Imp;Minion;colorless;6.0;6.0;1.0;-0.31903561539135955;-1.861;0.0;0.0;0.0;0;0.0;0.0;0.0;0.0;0.0;0.0;0.0;0.0;0.0;0;0.0;0.0;0.0;0.0;0.0;0.0;0.0;;;;;;;1.2;;;;;;;;;;;
Caring Attendant;Minion;colorless;2.0;2.0;3.0;0.40202347035557656;0.313;0.0;0.0;0.0;0;0.0;0.0;0.0;0.0;0.0;0.0;0.0;0.0;0.0;0;0.0;0.693;0.0;0.0;0.0;0.0;0.2;;;;;;;;;;;;;;;;;;
City Vulture;Minion;colorless;1.0;1.0;1.0;0.0;0.0;0.0;0.0;0.0;0;0.0;0.0;0.0;0.0;0.0;0.0;0.0;0.0;0.0;0;0.0;0.0;0.0;0.0;0.0;0.0;0.0;;;;;;;1.2;;;;;;;;;;;
Copy;Token;colorless;0.0;;;0.0;0.0;0.0;0.0;0.0;0;0.0;0.0;0.0;0.0;0.0;0.0;0.0;0.0;0.0;0;0.0;0.0;0.0;0.0;0.0;0.0;0.0;;;;;;;;;;;;;;;;;;
Demonic Prophet;Minion;colorless;2.0;0.0;4.0;10.666.666.666.666.600;0.0;0.0;0.0;0.0;0;0.0;4.0;0.0;0.0;0.0;0.0;0.0;0.0;0.0;0;0.0;0.0;0.0;0.0;0.0;0.0;0.0;;;;;;;;;;;;;;;;;0.8;
Eel Dragon;Minion;colorless;4.0;4.0;1.0;-0.1846268124449554;-0.923;0.0;0.0;0.0;0;0.0;0.0;0.0;0.0;0.0;0.0;0.0;0.0;0.0;0;0.0;0.0;0.0;0.0;0.0;0.0;0.0;;;;;;;;;;;;;;;;;;
Fiendish Bookworm;Minion;colorless;2.0;1.0;1.0;0.22596039986983038;-0.822;1.5;0.0;0.0;0;0.0;0.0;0.0;0.0;0.0;0.0;0.0;0.0;0.0;0;0.0;0.0;0.0;0.0;0.0;0.0;0.0;;;;;;;;;;;;;;;;;;
Flame Elemental;Minion;colorless;5.0;3.0;3.0;-0.0366861537894246;-2.32;0.0;0.0;0.0;0;0.0;0.0;;0.0;0.0;0.0;0.0;0.0;0.0;0;0.0;0.0;0.0;0.0;0.0;0.0;0.0;;;;;;;;;2.1;;;;;;;;;
Fugitive Burglar;Minion;colorless;1.0;1.0;3.0;10.687.954.672.182.400;0.581;0.0;0.0;0.0;0;0.0;0.0;0.0;0.0;0.0;0.0;0.0;0.0;0.0;0;0.0;0.0;0.0;0.0;0.0;1.2;0.0;;;;;;;;;;;;;;;;;;1.2
Graveborn Prowler;Minion;colorless;1.0;1.0;2.0;0.9998292600966289;0.286;1.5;0.0;0.0;0;-0.286;0.0;0.0;0.0;0.0;0.0;0.0;0.0;0.0;0;0.0;0.0;0.0;0.0;0.0;0.0;0.5;;;;;;;;;;;;;;;;;;
Masked Spy;Minion;colorless;4.0;0.0;4.0;0.35513155089447856;-0.82;0.0;0.0;0.0;0;0.0;0.0;;0.0;0.0;0.0;0.0;0.0;0.0;0;0.0;0.0;0.0;0.0;0.0;0.0;0.2;;;;;;;;;2.1;;;;;;;;;1.2
Mouse Herder;Minion;colorless;2.0;0.0;4.0;0.018483924814931874;0.0;0.0;0.0;0.0;0;0.0;0.0;0.0;0.0;0.0;0.0;0.0;0.0;0.0;0;0.0;0.0;0.0;0.0;0.069;0.0;0.0;;;;;;;;;;;;;;;;;0.8;
Mouse Seer;Minion;colorless;2.0;0.0;1.0;0.6059682474199796;-1.032;2.85;0.0;0.0;0;0.0;0.0;0.0;0.0;0.0;0.0;0.0;0.0;0.0;0;0.0;0.0;0.0;0.0;0.0;0.0;0.0;;;;;;;;;;;;;;;;;;
Murderous Spouse;Minion;colorless;3.0;3.0;3.0;0.25;0.0;0.0;0.0;0.0;0;0.0;0.0;;0.0;0.0;0.0;0.0;0.0;0.0;0;0.0;0.0;0.0;0.0;0.0;0.0;0.4;;;;;;;;;;;;;;;;0.6;;
Nightwing;Minion;colorless;10.0;10.0;10.0;0.32727272727272727;0.0;0.0;0.0;0.0;0;0.0;4.0;0.0;0.0;0.0;0.0;0.0;0.0;0.0;0;0.0;0.0;0.0;0.0;0.0;0.0;0.0;;;;0.9;;;;;;;;;;;;;;
Nordic Shield Master;Minion;colorless;4.0;3.0;5.0;0.0;0.0;0.0;0.0;0.0;0;0.0;0.0;0.0;0.0;0.0;0.0;0.0;0.0;0.0;0;0.0;0.0;0.0;0.0;0.0;0.0;0.0;;;;;;;;;;;;;;;;;;1.2
Poisonous Gnome;Minion;colorless;1.0;2.0;1.0;0.44282926009662893;0.286;0.0;0.0;0.0;0;0.0;0.0;;0.0;0.0;0.0;0.0;0.0;0.0;0;0.0;0.0;0.0;0.0;0.0;0.0;0.2;;;;;;;;;;;;;;;;0.4;;
Realm Walker;Minion;colorless;3.0;3.0;4.0;0.2059765790340803;0.324;0.0;0.5;0.0;0;0.0;0.0;0.0;0.0;0.0;0.0;0.0;0.0;0.0;0;0.0;0.0;0.0;0.0;0.0;0.0;0.0;;;;;;;;;;;;;;;;;;
Rogue Necromancer;Minion;colorless;5.0;2.0;5.0;0.01610729309631174;-1.103;0.0;0.0;0.0;0;0.0;0.0;0.0;0.0;0.0;0.0;0.0;0.0;0.0;0;0.0;0.0;0.0;0.0;0.0;0.8;0.4;;;;;;;;;;;;;;;;;;
Strike Squad;Minion;colorless;3.0;2.0;3.0;0.17176919237330385;-0.313;0.0;0.0;0.0;0;0.0;0.0;0.0;0.0;0.0;0.0;0.0;0.0;0.0;0;0.0;0.0;0.0;0.0;0.0;0.8;0.2;;;;;;;;;;;;;;;;;;
Sunborn Gorgon;Minion;colorless;3.0;2.0;2.0;-0.20552970009762722;-0.822;0.0;0.0;0.0;0;0.0;0.0;0.0;0.0;0.0;0.0;0.0;0.0;0.0;0;0.0;0.0;0.0;0.0;0.0;0.0;0.0;;;;;;;;;;;;;;;;;;
Surprising Lama;Minion;colorless;2.0;0.0;1.0;0.23094284649727284;-1.032;0.0;0.0;0.0;0;0.0;0.0;;0.0;0.0;0.0;0.0;0.0;0.0;0;0.0;0.0;0.0;0.0;0.0;0.0;0.2;;;;;;;;;;;;;;1.525;;;;
Taunting Legionnaire;Minion;colorless;4.0;2.0;3.0;-0.025322090564843563;-1.306;0.0;0.0;0.0;0;0.0;0.0;0.0;0.0;0.0;0.0;0.0;0.0;0.0;0;0.0;0.0;0.0;1.2;0.0;0.0;0.0;;;;;;;;;;;;;;;;;;1.2
Teller of Tales;Minion;colorless;3.0;2.0;2.0;0.21947029990237277;-0.822;0.0;0.0;0.0;0;0.0;0.0;0.0;0.0;0.0;0.0;0.0;0.0;0.0;0;0.0;0.0;0.0;1.2;0.0;0.0;0.5;;;;;;;;;;;;;;;;;;
Time-worn Dragon;Minion;colorless;7.0;5.0;5.0;0.00947035148468503;-2.32;1.5;0.0;0.0;0;0.0;0.0;0.0;0.0;0.0;0.0;0.0;0.0;0.0;0;0.0;0.896;0.0;0.0;0.0;0.0;0.0;;;;;;;;;;;;;;;;;;
Trash Scavenger;Minion;colorless;2.0;2.0;2.0;0.5666666666666667;0.0;1.5;0.0;0.0;0;0.0;0.0;0.0;0.0;0.0;0.0;0.0;0.0;0.0;0;0.0;0.0;0.0;0.0;0.0;0.0;0.2;;;;;;;;;;;;;;;;;;
Wise Herbologist;Minion;colorless;5.0;2.0;2.0;-0.679448731647548;-5.05;0.0;0.0;0.0;0;0.0;0.0;0.0;0.0;0.0;0.0;0.0;0.0;0.0;0;0.0;0.973;0.0;0.0;0.0;0.0;0.0;;;;;;;;;;;;;;;;;;
Accelerate Evolution;Quest;green;4.0;;;0.16;0.0;0.0;0.0;0.0;0;0.0;-1.0;0.0;0.0;3.0;0.0;0.0;0.0;0.0;0;0.0;0.0;0.0;0.0;0.0;0.0;0.0;0.8;;;0.5;;;;;;;;;;;;;;
Aimless One;Minion;green;1.0;3.0;3.0;0.6600584613682736;2.32;1.5;0.0;0.0;0;-2.5;0.0;0.0;0.0;0.0;0.0;0.0;0.0;0.0;0;0.0;0.0;0.0;0.0;0.0;0.0;0.0;;;;;;;;;;;;;;;;;;
Ancient Lich Lord;Minion;green;8.0;0.0;8.0;-0.2227372529031467;-2.506;0.0;0.0;0.0;0;0.0;0.0;0.0;0.0;0.0;0.0;0.0;0.0;0.0;0;0.0;0.0;0.0;0.0;0.0;0.0;0.0;;;;;;;;;;;;;;;;;0.8;
Apis, Insector Matriarch;Minion;green;2.0;2.0;2.0;0.0;0.0;0.0;0.0;0.0;0;0.0;0.0;0.0;0.0;0.0;0.0;0.0;0.0;0.0;0;0.0;0.0;0.0;0.0;0.0;0.0;0.0;0.8;;;;;;;;;;;;;;;;;
Awaken the Elders;Spell;green;1.0;;;-1.0;0.0;0.0;0.0;0.0;0;-2.5;0.0;0.0;0.0;0.0;0.0;0.0;0.0;0.0;0;0.0;0.0;0.0;0.0;0.0;0.0;0.0;0.8;;;;;;;;;;;;;;;;;
Benevolent Oak;Minion;green;3.0;0.0;4.0;-0.02266572233713482;-0.291;0.0;0.0;0.0;0;0.0;0.0;0.0;0.0;0.0;0.0;0.0;0.0;0.0;0;0.2;0.0;0.0;0.0;0.0;0.0;0.0;;;;;;;;;;;;;;;;;;
Birke, Protector of Life;Minion;green;3.0;3.0;3.0;0.5716703787691223;0.0;0.0;0.0;0.0;0;-0.0;0.0;0.0;0.0;2.5;0.0;0.0;0.0;0.0;0;0.358;0.0;0.0;0.0;0.0;0.0;0.0;0.8;;;;;;;;;;;;;;;;;
Birthed from Soil;Spell;green;6.0;;;-0.5578571428571428;0.0;0.0;0.0;0.0;0;-7.881;0.0;0.0;0.0;3.0;0.0;0.0;0.0;0.0;0;0.0;0.0;0.0;0.0;0.0;0.0;0.0;0.8;;;;;;;;;;;;;;;;;
Braum, the Defiant;Minion;green;3.0;4.0;3.0;0.7199831369045379;0.324;1.5;0.0;0.0;0;-0.324;0.0;0.0;0.0;2.5;0.0;0.0;0.0;0.0;0;0.0;0.0;0.0;0.0;0.0;0.0;0.0;0.8;;;0.9;;;;;;;;;;;;;;
Cocci, Curious Ladybug;Minion;green;3.0;0.0;1.0;-0.4223851903238264;-2.462;1.5;0.0;;0;0.0;0.0;0.0;0.0;0.0;0.0;0.0;0.0;0.0;0;0.0;0.0;0.0;0.0;0.0;0.0;0.35;0.8;;;;;;;;;;-1.5;;;;;;;
Commune with the Wilds;Spell;green;2.0;;;0.16666666666666666;0.0;0.0;0.0;0.0;0;0.0;0.0;0.0;0.0;0.0;0.0;0.0;0.5;0.0;0;0.0;0.0;0.0;0.0;0.0;0.0;0.0;;;;;;;;;;;;;;;;;;
Cruel Salvation;Spell;green;2.0;;;-0.3333333333333333;0.0;0.0;0.0;0.0;0;0.0;-1.0;0.0;0.0;0.0;0.0;0.0;0.0;0.0;0;0.0;0.0;0.0;0.0;0.0;0.0;0.0;;;;;;;;;;;;;;;;;;
Disflora, Apex Hunter;Minion;green;6.0;2.0;2.0;-0.46558516986371956;-10.023;1.5;0.0;0.0;0;0.0;0.0;;0.0;0.0;3.5;0.0;0.0;0.0;0;0.0;0.549;0.0;0.0;0.0;0.0;0.0;0.8;;;;;;;;;;;;;;;0.4;;
Distant Howl;Spell;green;5.0;;;0.6493132891023379;0.0;0.0;0.0;0.0;0;0.0;0.0;0.0;0.0;3.0;0.0;0.0;0.0;0.0;0;0.0;0.896;0.0;0.0;0.0;0.0;0.0;;;;;;;;;;;;;;;;;;
Dryad of the Grove;Minion;green;1.0;1.0;2.0;-0.10717073990337109;0.286;0.0;0.0;0.0;0;0.0;0.0;0.0;0.0;0.0;0.0;0.0;0.0;0.0;0;0.0;0.0;-0.5;0.0;0.0;0.0;0.0;;;;;;;;;;;;;;;;;;
Feral Shaman;Minion;green;2.0;2.0;2.0;0.8333333333333334;0.0;0.0;0.0;0.0;0;0.0;0.0;0.0;0.0;2.5;0.0;0.0;0.0;0.0;0;0.0;0.0;0.0;0.0;0.0;0.0;0.0;;;;;;;;;;;;;;;;;;
Follow the Footprints;Spell;green;1.0;;;-0.5420558458320164;0.0;0.0;0.0;;0;0.0;0.0;0.0;0.0;0.0;0.0;0.416;0.0;0.0;0;0.0;0.0;0.0;0.0;0.0;0.0;0.0;;;;;;;;;;;-1.5;;;;;;;
Forced Metamorphosis;Spell;green;2.0;;;0.6666666666666666;0.0;0.0;0.0;0.0;0;0.0;-1.0;0.0;0.0;3.0;0.0;0.0;0.0;0.0;0;0.0;0.0;0.0;0.0;0.0;0.0;0.0;;;;;;;;;;;;;;;;;;
Ghoul;Token;green;0.0;5.0;5.0;0.0;0.0;0.0;0.0;0.0;0;0.0;0.0;0.0;0.0;0.0;0.0;0.0;0.0;0.0;0;0.0;0.0;0.0;0.0;0.0;0.0;0.0;;;;;;;;;;;;;;;;;;
Giant Cocoon;Spell;green;2.0;;;0.665;0.0;1.5;0.0;0.0;0;0.0;0.0;0.0;0.0;0.0;0.0;0.0;0.0;0.0;0;0.0;0.0;0.0;0.0;0.0;0.0;0.0;;;;;;;;;;1.33;;;;;;;;
Guardian of the Valley;Minion;green;3.0;2.0;1.0;0.002059762557219791;-1.192;0.0;1.2;0.0;0;0.0;0.0;0.0;0.0;0.0;0.0;0.0;0.0;0.0;0;0.0;0.0;0.0;0.0;0.0;0.0;0.0;;;;;;;;;;;;;;;;;;
Haunting Woods;Minion;green;1.0;1.0;1.0;0.18;0.0;0.0;0.0;0.0;0;-0.0;0.0;0.0;0.0;0.0;0.0;0.0;0.0;0.0;0;0.0;0.0;0.0;0.0;0.0;0.0;0.3;;;;;;;1.2;;;;;;;;;;;
Insectile Transformation;Spell;green;1.0;;;1.0;0.0;0.0;0.0;0.0;0;0.0;-1.0;0.0;0.0;3.0;0.0;0.0;0.0;0.0;0;0.0;0.0;0.0;0.0;0.0;0.0;0.0;;;;;;;;;;;;;;;;;;
Insector Lazar;Minion;green;6.0;4.0;4.0;-0.11172281694302767;-2.32;0.0;0.0;0.0;0;0.0;0.0;0.0;0.0;1.538;0.0;0.0;0.0;0.0;0;0.0;0.0;0.0;0.0;0.0;0.0;0.0;;;;;;;;;;;;;;;;;;
Insector Raptor;Minion;green;5.0;4.0;3.0;-0.10855498299994226;-1.351;0.0;0.0;0.0;0;0.0;0.0;;0.0;0.0;0.0;0.0;0.0;0.0;0;0.0;0.0;0.0;0.0;0.0;0.0;0.0;;;;;;;;;0.7;;;;;;;;;
Insector Scrabble;Minion;green;4.0;4.0;2.0;-0.12783066084558362;-0.671;0.0;0.0;0.0;0;0.0;0.0;0.0;0.0;0.0;0.0;0.0;0.0;0.0;0;0.0;0.0;0.0;0.0;0.139;0.0;0.0;;;;;;;;;;;;;;;;;;1.2
Insector Workerbee;Minion;green;2.0;1.0;1.0;-0.15737293346350298;-0.822;0.0;0.0;0.0;0;0.0;0.0;0.0;0.0;0.0;0.0;0.0;0.0;0.0;0;0.0;0.0;0.0;0.0;0.0;0.0;0.35;;;;;;;;;;;;;;;;;;
Keeper of the Grove;Minion;green;4.0;2.0;4.0;-0.13425143792705083;-0.671;0.0;0.0;0.0;0;0.0;0.0;0.0;0.0;0.0;0.0;0.0;0.0;0.0;0;0.0;0.0;0.0;0.0;0.0;0.0;0.0;;;;;;;;;;;;;;;;;;
Living Hive;Minion;green;7.0;4.0;4.0;-0.2062059330516181;-5.05;0.0;0.0;0.0;0;0.0;0.0;0.0;0.0;3.0;0.0;0.0;0.0;0.0;0;0.2;0.0;0.0;0.0;0.0;0.0;0.2;;;;;;;;;;;;;;;;;;
Mahogan, Wooden Giant;Minion;green;10.0;8.0;8.0;0.08580967834643292;-2.32;0.0;0.0;0.0;0;0.0;0.0;0.0;0.0;0.0;3.5;0.0;0.0;0.0;0;0.0;0.0;0.0;0.0;0.0;0.0;0.0;0.8;;;;;;;;;;;;;;;;;
Migration of the Forsaken;Spell;green;1.0;;;-0.4906180398078958;0.0;0.0;0.0;0.0;0;-2.5;0.0;0.0;0.0;0.0;0.0;0.0;0.0;0.0;0;0.358;0.0;0.0;0.0;0.179;0.0;0.0;;;;0.5;;;;;;;;;;;;;;
Outrage;Spell;green;4.0;;;0.28834922711293726;0.0;0.0;0.0;0.0;0;0.0;0.0;;0.0;0.0;0.0;0.0;0.0;0.0;0;0.0;0.0;0.0;0.0;0.0;0.0;0.0;0.8;;;;;;;;;;;;1.802;;;;;
Overgrown Croaker;Minion;green;1.0;0.0;1.0;0.6013062323525843;-0.247;0.0;0.0;0.0;0;0.0;0.0;0.0;0.0;0.0;0.0;0.0;0.0;0.0;0;0.0;0.0;0.0;1.2;0.0;0.0;0.25;;;;;;;;;;;;;;;;;;
Population Devastation Virus;Spell;green;2.0;;;0.40664634592850124;0.0;0.0;0.0;0.0;0;0.0;0.0;;0.0;0.0;0.0;0.0;0.0;0.0;0;0.0;0.0;0.0;0.0;0.0;0.0;0.0;0.8;;;;;;;;;;;;;1.525;;;;
Pray to the Elders;Spell;green;1.0;;;0.03465735902799726;0.0;1.5;0.0;;0;0.0;0.0;0.0;0.0;0.0;0.0;0.0;0.0;0.0;0;0.0;0.0;0.0;0.0;0.069;0.0;0.0;;;;;;;;;;;-1.5;;;;;;;
Rag, Forsaken King;Minion;green;8.0;0.0;8.0;0.2200324198997049;-2.506;0.0;0.0;0.0;0;0.0;0.0;;0.0;0.0;0.0;0.0;0.0;0.0;0;0.0;0.0;0.0;0.0;0.0;0.0;0.0;0.8;;;;;;;;5.6;;;;;;;;0.8;
Rapid Decay;Spell;green;2.0;;;0.6666666666666666;0.0;0.0;0.0;0.0;0;0.0;2.5;0.0;0.0;0.0;0.0;0.0;0.0;0.0;0;0.0;0.0;0.0;0.0;0.0;0.0;0.0;0.8;;;;;;;;;;;;;;;;;
Ravager;Minion;green;2.0;1.0;1.0;-0.27403960013016965;-0.822;0.0;0.0;0.0;0;0.0;0.0;0.0;0.0;0.0;0.0;0.0;0.0;0.0;0;0.0;0.0;0.0;0.0;0.0;0.0;0.0;;;;;;;;;;;;;;;;;;
Reborn Wanderer;Minion;green;3.0;2.0;2.0;-0.17087234106962995;-0.822;1.5;0.0;;0;0.0;0.0;0.0;0.0;0.0;0.0;0.0;0.0;0.0;0;0.139;0.0;0.0;0.0;0.0;0.0;0.0;;;;;;;;;;;-1.5;;;;;;;
Rise of the Forsaken;Spell;green;9.0;;;0.9870823787691222;0.0;6.143;0.0;0.0;0;0.0;0.0;;0.0;0.0;0.0;0.0;0.0;0.0;0;0.0;0.896;0.0;0.0;0.0;1.8;0.0;0.8;;;;;;;;3.5;;;;;;;;;
Roaming Vendigo;Minion;green;5.0;3.0;3.0;-0.335042615644956;-2.32;0.0;0.0;0.0;0;0.0;0.0;0.0;0.0;0.0;0.0;0.0;0.0;0.0;0;0.2;0.0;0.0;0.0;0.11;0.0;0.0;;;;;;;;;;;;;;;;;;
Seek Asylum;Spell;green;2.0;;;-10.545.833.333.333.300;0.0;4.065;0.0;;0;-2.5;0.0;0.0;0.0;0.0;0.0;0.0;0.0;0.0;0;0.0;0.0;0.0;0.0;0.0;0.0;0.0;;;;;;;;;;;-4.729;;;;;;;
Suspicious Apple;Spell;green;1.0;;;0.9249999999999998;0.0;2.85;0.0;0.0;0;0.0;-1.0;0.0;0.0;0.0;0.0;0.0;0.0;0.0;0;0.0;0.0;0.0;0.0;0.0;0.0;0.0;;;;;;;;;;;;;;;;;;
Swamp Lurker;Minion;green;6.0;4.0;4.0;-0.302873846105221;-2.32;0.0;0.0;0.0;0;0.0;0.0;0.0;0.0;0.0;0.0;0.0;0.0;0.0;0;0.0;0.0;0.0;0.0;0.0;0.0;0.2;;;;;;;;;;;;;;;;;;
Taxus, the Rotten;Minion;green;3.0;0.0;3.0;0.15162390502288794;-0.596;0.0;1.2;0.0;0;-0.596;0.0;0.0;0.0;0.0;0.5;0.0;0.0;0.0;0;0.0;0.0;0.0;0.0;0.0;0.0;0.25;0.8;;;;;;;;;;;;;;;;;
Territorial Bjorn;Minion;green;4.0;4.0;4.0;0.32;0.0;0.0;1.2;0.0;0;0.0;0.0;0.0;0.0;0.0;0.0;0.0;0.0;0.0;0;0.0;0.0;0.0;0.0;0.0;0.0;0.4;;;;;;;;;;;;;;;;;;
Wandering Forest;Minion;green;5.0;3.0;3.0;-0.38668615378942456;-2.32;0.0;0.0;0.0;0;0.0;0.0;0.0;0.0;0.0;0.0;0.0;0.0;0.0;0;0.0;0.0;0.0;0.0;0.0;0.0;0.0;;;;;;;;;;;;;;;;;;
Wild Scavenger;Minion;green;2.0;2.0;2.0;0.5666666666666667;0.0;0.0;0.5;0.0;0;0.0;0.0;0.0;0.0;0.0;0.0;0.0;0.0;0.0;0;0.0;0.0;0.0;1.2;0.0;0.0;0.0;;;;;;;;;;;;;;;;;;
Wilderness;Territory;green;0.0;;;0.0;0.0;0.0;0.0;0.0;0;0.0;0.0;0.0;0.0;0.0;0.0;0.0;0.0;0.0;0;0.0;0.0;0.0;0.0;0.0;0.0;0.0;;;;;;;;;;;;;;;;;;
Winged Horror;Minion;green;3.0;3.0;3.0;0.26249999999999996;0.0;0.0;0.0;0.0;0;0.0;0.0;;0.0;0.0;0.0;0.0;0.0;0.0;0;0.0;0.0;0.0;0.0;0.0;0.0;0.0;;;;0.5;;;;;2.1;;;;;;;;;
Archfiend Lightning;Spell;red;2.0;;;0.3231049060186649;0.0;0.0;0.0;0.0;0;0.0;1.8;0.0;0.0;0.0;0.0;0.0;0.0;0.0;0;0.139;0.0;0.0;0.0;0.0;0.0;0.0;;;;0.5;;;;;;;;;;;;;;
B00M, Iron-Bone Doctor;Minion;red;7.0;7.0;7.0;0.38999999999999996;0.0;0.0;0.0;0.0;0;0.0;0.0;;0.0;0.0;0.0;0.0;0.0;0.0;0;0.0;0.0;0.0;0.0;0.0;0.8;0.3;0.8;;;;;;;;2.8;;;;;;;;;
Barrack;Territory;red;0.0;;;0.0;0.0;0.0;0.0;0.0;0;0.0;0.0;0.0;0.0;0.0;0.0;0.0;0.0;0.0;0;0.0;0.0;0.0;0.0;0.0;0.0;0.0;;;;;;;;;;;;;;;;;;
Battlefield Instigator;Minion;red;1.0;0.0;2.0;0.55;0.0;0.0;0.0;0.0;0;0.0;0.0;0.0;0.0;0.0;0.0;0.0;0.0;0.0;0;0.0;0.0;0.0;0.6;0.0;0.0;0.5;;;;;;;;;;;;;;;;;;
Battlehardened Quartermaster;Minion;red;1.0;1.0;2.0;0.34282926009662895;0.286;0.0;0.0;0.0;0;0.0;0.0;0.0;0.0;0.0;0.0;0.0;0.0;0.0;0;0.0;0.0;0.0;0.0;0.0;0.4;0.0;;;;;;;;;;;;;;;;;;
Bear Spirit Totem;Spell;red;2.0;;;0.0;0.0;0.0;0.0;0.0;0;0.0;0.0;0.0;0.0;0.0;0.0;0.0;0.0;0.0;0;0.0;0.0;0.0;0.0;0.0;0.0;0.0;;;;;;;;;;;;;;;;;;
Blackfeather Armormaster;Minion;red;6.0;4.0;5.0;-0.1501932017691568;-1.376;0.0;0.0;0.0;0;0.0;0.0;0.0;0.0;0.0;0.0;0.0;0.0;0.0;0;0.0;0.0;0.5;0.0;0.0;0.0;0.0;;;;;;;1.2;;;;;;;;;;;
Blackfeather Striker;Minion;red;5.0;5.0;4.0;0.7950249921567042;-0.33;0.0;1.2;0.0;0;0.0;0.0;0.0;0.0;0.0;3.5;0.0;0.0;0.0;0;0.0;0.0;0.0;0.0;0.0;0.0;0.4;;;;;;;;;;;;;;;;;;
Blackfeather Vanguard;Minion;red;4.0;4.0;3.0;0.04760936838636789;-0.324;0.0;0.0;0.0;0;0.0;0.0;0.0;0.0;0.0;0.8;0.0;0.0;0.0;0;0.0;0.0;0.0;0.0;0.0;0.0;0.0;;;;0.5;;;;;;;;;;;;;;
Bleakfeather Gale;Minion;red;1.0;2.0;1.0;0.1428292600966289;0.286;0.0;0.0;0.0;0;0.0;0.0;0.0;0.0;0.0;0.0;0.0;0.0;0.0;0;0.0;0.0;0.0;0.0;0.0;0.0;0.0;;;;;;;;;;;;;;;;;;
Bleakfeather Kalut;Minion;red;1.0;1.0;2.0;0.5928292600966288;0.286;0.0;0.0;0.0;0;0.0;0.0;0.0;0.0;0.0;0.0;0.0;0.0;0.0;0;0.0;0.0;0.0;0.9;0.0;0.0;0.0;;;;;;;;;;;;;;;;;;
Cataclysm Core;Minion;red;2.0;0.0;3.0;0.28762276532044945;-0.143;1.5;0.0;0.0;0;0.0;0.0;0.0;0.0;0.0;0.0;0.0;0.5;0.3;0;0.0;0.0;0.0;0.0;0.0;0.0;0.0;;;;0.5;;;;;;;;;;;;;0.8;
Chronicler of the Void;Minion;red;2.0;3.0;2.0;0.15051755553959123;0.313;0.0;0.0;0.0;0;0.0;0.0;0.0;0.0;0.0;0.0;0.0;0.0;0.0;0;0.139;0.0;0.0;0.0;0.0;0.0;0.0;;;;;;;;;;;;;;;;;;
Crusader;Token;red;0.0;1.0;1.0;0.0;0.0;0.0;0.0;0.0;0;0.0;0.0;0.0;0.0;0.0;0.0;0.0;0.0;0.0;0;0.0;0.0;0.0;0.0;0.0;0.0;0.0;;;;;;;;;;;;;;;;;;
Damned Necromancer;Minion;red;3.0;0.0;4.0;0.1962550188059201;-0.291;0.0;0.0;0.0;0;0.0;0.0;0.0;0.0;2.253;0.0;0.0;0.0;0.0;0;0.0;0.0;0.0;0.0;0.0;0.0;0.0;;;;0.5;;;;;;;;;;;;;0.8;
Devoid Trickster;Minion;red;1.0;2.0;1.0;0.1428292600966289;0.286;0.0;0.0;0.0;0;0.0;0.0;0.0;0.0;0.0;0.0;0.0;0.0;0.0;0;0.0;0.0;0.0;0.0;0.0;0.0;0.0;;;;;;;;;;;;;;;;;;
Divine Smite;Spell;red;3.0;;;0.0;0.0;0.0;0.0;0.0;0;0.0;0.0;0.0;0.0;0.0;0.0;0.0;0.0;0.0;0;0.0;0.0;0.0;0.0;0.0;0.0;0.0;0.8;;;;;;;;;;;;;;;;;
Flameborn Bear;Minion;red;4.0;4.0;3.0;0.5152187367727358;-0.324;0.0;1.2;0.0;0;0.0;1.3;0.0;0.0;0.0;0.0;0.0;0.0;0.0;0;0.0;0.0;0.0;0.0;0.0;0.0;0.4;;;;;;;;;;;;;;;;;;
Flameborn Phoenix;Minion;red;5.0;5.0;4.0;0.11601999372536331;-0.33;0.0;1.2;0.0;0;0.0;0.0;0.0;0.0;0.0;0.0;0.0;0.0;0.0;0;0.0;0.0;0.0;0.0;0.0;0.0;0.0;0.8;;;;;;;;;;;;;;;;;
Flameborn Tiger;Minion;red;3.0;3.0;2.0;-0.6282308076266961;-0.313;0.0;1.2;;0;0.0;-0.3;0.0;0.0;0.0;0.0;0.0;0.0;0.0;0;0.0;0.0;0.0;0.0;0.0;0.0;0.4;;;;;;;;;;;;;;;-3.5;;;
Flameborn Wolf;Minion;red;2.0;2.0;1.0;0.30478049326891404;-0.286;1.5;0.0;0.0;0;0.0;-0.3;0.0;0.0;0.0;0.0;0.0;0.0;0.0;0;0.0;0.0;0.0;0.0;0.0;0.0;0.0;;;;;;;;;;;;;;;;;;
Force in Exile;Minion;red;4.0;4.0;3.0;-0.022303136904537803;-0.324;0.0;0.0;0.0;0;0.0;0.0;0.0;0.0;0.0;0.0;0.0;0.0;0.0;0;0.0;0.0;0.0;0.0;0.0;0.0;0.2;;;;0.9;;;;;;;;;;;;;;
Grim Mercenaries;Minion;red;3.0;2.0;3.0;0.12176919237330386;-0.313;0.0;0.0;0.0;0;0.0;0.0;0.0;0.0;0.0;0.0;0.0;0.0;0.0;0;0.0;0.0;0.0;0.0;0.0;0.8;0.0;;;;;;;;;;;;;;;;;;
Helios - Knight of the Rising Sun;Minion;red;10.0;6.0;6.0;-0.5876563770460185;-10.023;0.0;0.0;0.0;0;0.0;0.0;0.0;0.0;0.0;3.0;0.0;0.0;0.0;0;0.0;0.0;0.0;0.0;0.0;0.0;0.4;0.8;1.22;;;;;;;;;;;;;;;;
Hellgate;Spell;red;1.0;;;-0.49871476903690387;0.0;0.0;0.0;;0;0.0;0.0;0.0;0.0;2.253;0.0;0.0;0.0;0.0;0;0.0;0.0;0.0;0.0;0.0;0.0;0.0;0.8;;;;;;;;;;;;;;-3.5;;;
Highroller of the Abyss;Minion;red;5.0;3.0;4.0;-0.27522164966660895;-1.351;0.0;0.0;0.0;0;0.0;-0.3;0.0;0.0;0.0;0.0;0.0;0.0;0.0;0;0.0;0.0;0.0;0.0;0.0;0.0;0.0;;;;;;;;;;;;;;;;;;
Icarus Attack;Spell;red;1.0;;;-0.5;0.0;0.0;0.0;0.0;0;0.0;-1.0;0.0;0.0;0.0;0.0;0.0;0.0;0.0;0;0.0;0.0;0.0;0.0;0.0;0.0;0.0;;;;;;;;;;;;;;;;;;
Infernity Archfiend;Minion;red;4.0;4.0;2.0;-0.03082629413434575;-0.671;0.0;0.0;0.0;0;0.0;0.0;0.0;0.0;0.0;0.0;0.0;0.5;0.0;0;0.0;0.0;0.0;0.0;0.0;0.0;0.0;;;;0.9;;;;;;;;;;;;;;
Kaelos, the Featherkin Harbinger;Minion;red;5.0;3.0;2.0;-0.32188231668234446;-3.114;0.0;1.2;;0;0.0;0.0;0.0;0.0;0.0;3.0;0.0;0.0;0.0;0;0.0;0.0;0.0;0.0;0.0;0.0;0.0;0.8;;;;;;;;;;;;;;-3.5;;;
Maul, Starhopper;Minion;red;5.0;5.0;5.0;0.024000000000000007;0.0;0.0;0.0;0.0;0;0.0;0.0;0.0;0.0;0.0;0.0;0.0;0.0;0.0;0;0.0;0.0;0.0;0.0;0.0;0.0;0.2;0.8;;;0.9;;;;;;;;;;;;;;
Overwhelming Power;Spell;red;1.0;;;12.000.000.000.000.000;0.0;0.0;0.0;0.0;0;0.0;0.0;0.0;0.0;0.0;3.0;0.0;0.0;0.0;0;0.0;0.0;0.0;0.0;0.0;0.0;0.0;0.8;;;;;;;;;;;;;;;;;
Paper Frog;Minion;red;2.0;1.0;2.0;-0.015676361360422903;-0.286;0.0;0.0;;0;0.0;0.0;0.0;0.0;0.0;0.0;0.0;0.0;0.0;0;0.139;0.0;0.0;1.2;0.0;0.0;0.4;;;;;;;;;;;-1.5;;;;;;;
Radiant Banisher;Minion;red;3.0;2.0;2.0;-0.13997673008786451;-0.822;0.0;0.0;0.0;0;0.0;0.0;0.0;0.0;0.0;0.0;0.0;0.0;0.0;0;0.0;0.0;0.0;0.0;0.0;0.0;0.2;;;;0.9;;;;;;;;;;;;;;
Red Sunset;Spell;red;5.0;;;0.975;0.0;2.85;0.0;0.0;0;0.0;0.0;0.0;0.0;0.0;3.0;0.0;0.0;0.0;0;0.0;0.0;0.0;0.0;0.0;0.0;0.0;;;;;;;;;;;;;;;;;;
Reinforcements of the Army;Spell;red;2.0;;;0.32000000000000006;0.0;0.0;0.0;0.0;0;0.0;0.0;0.0;0.0;0.0;0.0;0.0;0.0;0.0;0;0.0;0.0;0.0;0.0;0.0;1.2;0.0;0.8;;;;;;;;;;;;;;;;;
Scorching Sun;Spell;red;2.0;;;1.2;0.0;0.0;0.0;0.0;0;0.0;4.5;0.0;0.0;0.0;0.0;0.0;0.0;0.0;0;0.0;0.0;0.0;0.0;0.0;0.0;0.0;0.8;;;;;;;;;;;;;;;;;
See Red;Spell;red;1.0;;;-14.000.000.000.000.000;0.0;0.0;0.0;;0;0.0;0.0;0.0;0.0;0.0;0.0;0.0;0.0;0.0;0;0.0;0.0;0.0;0.0;0.0;0.0;0.0;0.8;;;;;;;;;;;;;;-3.5;;;
Siege;Spell;red;4.0;;;0.0;0.0;0.0;0.0;0.0;0;0.0;0.0;0.0;0.0;0.0;0.0;0.0;0.0;0.0;0;0.0;0.0;0.0;0.0;0.0;0.0;0.0;;;;;;;;;;;;;;;;;;
Siege Titan;Minion;red;2.0;1.0;1.0;-0.1407062667968363;-0.822;0.0;0.0;0.0;0;0.0;0.0;0.0;0.0;0.0;0.0;0.0;0.0;0.0;0;0.0;0.0;0.0;0.0;0.0;0.4;0.0;;;;;;;;;;;;;;;;;;
Spirit Armour;Spell;red;1.0;;;1.35;0.0;1.5;0.0;0.0;0;0.0;0.0;0.0;0.0;0.0;0.0;0.0;0.0;0.0;0;0.0;0.0;0.0;1.2;0.0;0.0;0.0;;;;;;;;;;;;;;;;;;
Tiger Spirit Totem;Spell;red;2.0;;;-0.21666666666666679;0.0;2.85;0.0;;0;0.0;0.0;0.0;0.0;0.0;0.0;0.0;0.0;0.0;0;0.0;0.0;0.0;0.0;0.0;0.0;0.0;;;;;;;;;;;;;;;-3.5;;;
Trishula, Threefold Sovereign;Minion;red;9.0;9.0;9.0;0.0;0.0;0.0;0.0;0.0;0;0.0;0.0;0.0;0.0;0.0;0.0;0.0;0.0;0.0;0;0.0;0.0;0.0;0.0;0.0;0.0;0.0;0.8;;;0.9;;;;;;;;;;;;;;
Upwind;Quest;red;3.0;;;0.22500000000000003;0.0;0.0;1.2;0.0;0;0.0;0.0;0.0;0.0;0.0;0.0;0.0;0.0;0.0;0;0.0;0.0;0.0;0.0;0.0;0.0;0.3;0.8;;;0.75;;;;;;;;;;;;;;
Valorous Commander;Minion;red;4.0;3.0;3.0;0.23557623992189822;-0.822;0.0;0.0;0.0;0;0.0;0.0;0.0;0.0;0.0;0.0;0.0;0.0;0.0;0;0.0;0.0;0.0;1.2;0.0;0.4;0.4;;;;;;;;;;;;;;;;;;
Vessel of Forsaken Riches;Spell;red;0.0;;;1.35;0.0;1.5;0.0;0.0;0;0.0;0.0;0.0;0.0;0.0;0.0;0.0;0.0;0.0;0;0.0;0.0;0.0;0.0;0.0;0.0;0.0;;;;0.9;;;;;;;;;;;;;;
Vino, Blackfeather Ascendant;Minion;red;1.0;0.0;1.0;-0.09895501411793255;-0.247;0.0;0.0;0.0;0;0.0;0.0;0.0;0.0;0.0;0.0;0.0;0.0;0.0;0;0.0;0.0;0.0;0.0;0.0;0.0;0.0;0.8;;;;;;;;;;;;;;;;;
Visions from the Void;Spell;red;3.0;;;0.5359437912434101;0.0;1.5;0.0;0.0;0;0.0;0.0;0.0;0.0;0.0;0.0;0.0;0.644;0.0;0;0.0;0.0;0.0;0.0;0.0;0.0;0.0;;;;;;;;;;;;;;;;;;
Wildfire;Spell;red;2.0;;;0.6666666666666666;0.0;0.0;0.0;0.0;0;0.0;2.0;0.0;0.0;0.0;0.0;0.0;0.0;0.0;0;0.0;0.0;0.0;0.0;0.0;0.0;0.0;;;;;;;;;;;;;;;;;;
Wolf Spirit Totem;Spell;red;2.0;;;0.0;0.0;0.0;0.0;0.0;0;0.0;0.0;0.0;0.0;0.0;0.0;0.0;0.0;0.0;0;0.0;0.0;0.0;0.0;0.0;0.0;0.0;;;;;;;;;;;;;;;;;;
Zorc, Archfiend Overlord;Minion;red;6.0;4.0;5.0;-0.09270022975086648;-1.376;4.065;0.0;;0;0.0;0.0;0.0;0.0;0.0;0.0;0.0;0.0;0.0;0;0.0;0.0;0.0;0.0;0.0;0.0;0.0;0.8;;;;;;;;;;;;;;-3.5;;;
